Workbook

Sheet IA(정보구조)
A1: Depth 1 | B1: Depth 2 | C1: Depth 3 | D1: 화면 ID | E1: 화면명 | F1: 플랫폼 | G1: 화면 URL/경로 | H1: 로그인 필요 | I1: 권한 | J1: 설명 | K1: 상태 | L1: 비고
A2: 홈 | D2: SCR-001 | E2: 메인 화면 | F2: Web + App | G2: /home | H2: N | I2: 전체 | J2: 로그인 전/후 메인 화면 | K2: 확정
A3: 회원 | B3: 회원가입 | D3: SCR-010 | E3: 회원가입 | F3: Web + App | G3: /signup | H3: N | I3: 비회원 | J3: 이메일/소셜 회원가입 | K3: 확정
A4: 회원 | B4: 로그인 | D4: SCR-011 | E4: 로그인 | F4: Web + App | G4: /login | H4: N | I4: 비회원 | J4: 이메일/소셜 로그인 | K4: 확정
A5: 회원 | B5: 비밀번호 찾기 | D5: SCR-012 | E5: 비밀번호 찾기 | F5: Web + App | G5: /forgot-password | H5: N | I5: 비회원 | J5: 이메일로 비밀번호 재설정 | K5: 확정
A6: 콘텐츠 | B6: 목록 | D6: SCR-020 | E6: 콘텐츠 목록 | F6: Web + App | G6: /contents | H6: N | I6: 전체 | J6: 카테고리별 콘텐츠 목록 | K6: 작성중
A7: 콘텐츠 | B7: 상세 | D7: SCR-021 | E7: 콘텐츠 상세 | F7: Web + App | G7: /contents/:id | H7: N | I7: 전체 | J7: 콘텐츠 상세 보기 | K7: 작성중
A8: 콘텐츠 | B8: 검색 | D8: SCR-022 | E8: 검색 | F8: Web + App | G8: /search | H8: N | I8: 전체 | J8: 통합 검색 | K8: 작성중
A9: 마이페이지 | B9: 프로필 | D9: SCR-030 | E9: 마이페이지 | F9: Web + App | G9: /mypage | H9: Y | I9: 회원 | J9: 프로필/설정 관리 | K9: 작성중
A10: 마이페이지 | B10: 설정 | D10: SCR-031 | E10: 설정 | F10: Web + App | G10: /settings | H10: Y | I10: 회원 | J10: 알림/다크모드 등 앱 설정 | K10: 작성중
A11: 마이페이지 | B11: 알림 | D11: SCR-032 | E11: 알림 목록 | F11: Web + App | G11: /notifications | H11: Y | I11: 회원 | J11: 알림 히스토리 | K11: 작성중
A12: 관리자 | B12: 대시보드 | D12: SCR-100 | E12: 관리자 대시보드 | F12: Web | G12: /admin | H12: Y | I12: 관리자 | J12: 관리자 메인 화면 | K12: 작성중
A13: 관리자 | B13: 사용자 관리 | D13: SCR-101 | E13: 사용자 관리 | F13: Web | G13: /admin/users | H13: Y | I13: 관리자 | J13: 사용자 목록/관리 | K13: 작성중

Sheet 사용자 스토리
A1: 스토리 ID | B1: 에픽 | C1: 사용자 유형 | D1: 사용자 스토리 | E1: 인수 조건 | F1: 화면 ID | G1: 우선순위 | H1: 사이즈 | I1: 담당자 | J1: 상태 | K1: [자동] 화면명 | L1: [자동] 기능 수 | M1: 비고
A2: US-001 | B2: 회원 | C2: 비회원 | D2: 비회원으로서 이메일로 회원가입하고 싶다. 서비스를 이용하기 위해. | E2: 1. 유효한 이메일/비밀번호로 가입 완료 2. 인증 이메일 수신 3. 인증 후 로그인 가능 | F2: SCR-010 | G2: Critical | H2: L | I2: 기획자1 | J2: Done
A3: US-002 | B3: 회원 | C3: 비회원 | D3: 비회원으로서 소셜 계정(Google/Apple/Kakao)으로 간편 가입하고 싶다. | E3: 1. 소셜 버튼 탭으로 가입 완료 2. 프로필 정보 자동 연동 3. 즉시 로그인 상태 | F3: SCR-010 | G3: Critical | H3: M | I3: 기획자1 | J3: Done
A4: US-003 | B4: 회원 | C4: 회원 | D4: 회원으로서 이메일/비밀번호로 로그인하고 싶다. | E4: 1. 올바른 정보 입력 시 로그인 성공 2. 자동 로그인 옵션 동작 3. 5회 실패 시 계정 잠금 | F4: SCR-011 | G4: Critical | H4: M | I4: 기획자1 | J4: In Progress
A5: US-004 | B5: 콘텐츠 | C5: 회원 | D5: 회원으로서 콘텐츠를 검색하고 필터링하고 싶다. | E5: 1. 키워드 검색 결과 정확 2. 카테고리/날짜 필터 동작 3. 정렬 옵션 적용 | F5: SCR-022 | G5: High | H5: L | I5: 기획자2 | J5: To Do
A6: US-005 | B6: 마이페이지 | C6: 회원 | D6: 회원으로서 내 프로필을 수정하고 싶다. | E6: 1. 닉네임/프로필 이미지 변경 가능 2. 변경 즉시 반영 3. 이미지 5MB 제한 안내 | F6: SCR-030 | G6: Medium | H6: S | I6: 기획자2 | J6: Backlog
A7: US-006 | B7: 알림 | C7: 회원 | D7: 회원으로서 중요 알림을 푸시로 받고 싶다. | E7: 1. 푸시 알림 정상 수신 2. 탭 시 해당 페이지 이동 3. 알림 설정에서 ON/OFF 가능 | F7: SCR-032 | G7: High | H7: M | I7: 기획자1 | J7: Backlog
K8: =IFERROR(VLOOKUP(F8,'IA(정보구조)'!D:E,2,FALSE()),"") | L8: =IFERROR(COUNTIF(기능명세서!H:H,F8),0) -> 0
K9: =IFERROR(VLOOKUP(F9,'IA(정보구조)'!D:E,2,FALSE()),"") | L9: =IFERROR(COUNTIF(기능명세서!H:H,F9),0) -> 0
K10: =IFERROR(VLOOKUP(F10,'IA(정보구조)'!D:E,2,FALSE()),"") | L10: =IFERROR(COUNTIF(기능명세서!H:H,F10),0) -> 0
K11: =IFERROR(VLOOKUP(F11,'IA(정보구조)'!D:E,2,FALSE()),"") | L11: =IFERROR(COUNTIF(기능명세서!H:H,F11),0) -> 0
K12: =IFERROR(VLOOKUP(F12,'IA(정보구조)'!D:E,2,FALSE()),"") | L12: =IFERROR(COUNTIF(기능명세서!H:H,F12),0) -> 0
K13: =IFERROR(VLOOKUP(F13,'IA(정보구조)'!D:E,2,FALSE()),"") | L13: =IFERROR(COUNTIF(기능명세서!H:H,F13),0) -> 0
K14: =IFERROR(VLOOKUP(F14,'IA(정보구조)'!D:E,2,FALSE()),"") | L14: =IFERROR(COUNTIF(기능명세서!H:H,F14),0) -> 0
K15: =IFERROR(VLOOKUP(F15,'IA(정보구조)'!D:E,2,FALSE()),"") | L15: =IFERROR(COUNTIF(기능명세서!H:H,F15),0) -> 0
K16: =IFERROR(VLOOKUP(F16,'IA(정보구조)'!D:E,2,FALSE()),"") | L16: =IFERROR(COUNTIF(기능명세서!H:H,F16),0) -> 0
K17: =IFERROR(VLOOKUP(F17,'IA(정보구조)'!D:E,2,FALSE()),"") | L17: =IFERROR(COUNTIF(기능명세서!H:H,F17),0) -> 0
K18: =IFERROR(VLOOKUP(F18,'IA(정보구조)'!D:E,2,FALSE()),"") | L18: =IFERROR(COUNTIF(기능명세서!H:H,F18),0) -> 0
K19: =IFERROR(VLOOKUP(F19,'IA(정보구조)'!D:E,2,FALSE()),"") | L19: =IFERROR(COUNTIF(기능명세서!H:H,F19),0) -> 0
... K200: =IFERROR(VLOOKUP(F200,'IA(정보구조)'!D:E,2,FALSE()),"") | L200: =IFERROR(COUNTIF(기능명세서!H:H,F200),0) -> 0

Sheet 화면설계서
A1: 화면 ID | B1: 화면명 | C1: 플랫폼 | D1: 화면 경로 | E1: 화면 설명 | F1: [자동] UI 요소 목록 | G1: 인터랙션 정의 | H1: Web 특이사항 | I1: App 특이사항 | J1: 진입 경로 | K1: 이동 가능 화면 | L1: 에러 화면 정의 | M1: 접근성 체크 | N1: 반응형 체크 (Web) | O1: 가로/세로 모드 (App) | P1: 디자인 시안 링크 | Q1: 상태 | R1: 담당자 | S1: [자동] 관련 기능 수 | T1: [자동] 관련 TC 수 | U1: [자동] 관련 API 수 | V1: 비고 | W1: [자동] UI 요소 수
A2: SCR-001 | B2: 메인 화면 | C2: Web + App | D2: /home | E2: 로그인 전/후 공통 메인 화면 | F2: =IFERROR(_xlfn.TEXTJOIN(CHAR(10),TRUE(),IF('UI 요소 상세'!B$1:B$500=A2,"□ "&'UI 요소 상세'!C$1:C$500,"")),"") | G2: - 배너: 자동 3초, 스와이프(App)/화살표(Web) - 카테고리: 탭 시 해당 목록으로 이동 - 추천: 무한스크롤(App), 더보기(Web) | H2: - SEO 메타 태그 필수 - GNB 고정 - 페이지네이션 or 더보기 | I2: - Pull-to-refresh - 스켈레톤 로딩 - 딥링크 진입 - 플로팅 버튼 | J2: 앱 실행 / 웹 접속 시 | K2: SCR-020, SCR-022, SCR-030 | L2: - 데이터 없음: 빈 상태 화면 - 네트워크 오류: 재시도 안내 - 서버 오류: 점검 안내 | M2: □ 이미지 alt □ 키보드 네비게이션 □ 스크린리더 | N2: □ 360px □ 768px □ 1280px □ 1920px | O2: □ 세로 □ 가로 | Q2: 확정 | R2: 디자이너1 | W2: =IFERROR(COUNTIF('UI 요소 상세'!B:B,A2),0) -> 5
A3: SCR-010 | B3: 회원가입 | C3: Web + App | D3: /signup | E3: 신규 사용자 회원가입 | F3: =IFERROR(_xlfn.TEXTJOIN(CHAR(10),TRUE(),IF('UI 요소 상세'!B$1:B$500=A3,"□ "&'UI 요소 상세'!C$1:C$500,"")),"") | G3: - 이메일: 실시간 형식 검증 - 비밀번호: 강도 표시 바 - 약관: 전체 동의/개별 동의 토글 - 가입 완료: 인증 이메일 안내 | H3: - 탭 키 순서 - 엔터키로 폼 제출 | I3: - 키보드 올라올 때 레이아웃 - 생체 인증 연동 | J3: SCR-011(로그인) > 회원가입 링크 | K3: SCR-011 | L3: - 중복 이메일: 인라인 에러 - 비밀번호 불일치: 인라인 에러 - 서버 에러: 토스트 | M3: □ 폼 레이블 □ 에러 메시지 □ 색 대비 4.5:1 | N3: □ 360px □ 768px □ 1280px | O3: □ 세로 □ 가로 | Q3: 확정 | R3: 디자이너1 | W3: =IFERROR(COUNTIF('UI 요소 상세'!B:B,A3),0) -> 6
A4: SCR-011 | B4: 로그인 | C4: Web + App | D4: /login | E4: 기존 회원 로그인 | F4: =IFERROR(_xlfn.TEXTJOIN(CHAR(10),TRUE(),IF('UI 요소 상세'!B$1:B$500=A4,"□ "&'UI 요소 상세'!C$1:C$500,"")),"") | G4: - 자동 로그인: 체크 시 토큰 유지 - 5회 실패: 계정 잠금 안내 - 소셜: 팝업(Web)/앱전환(App) | H4: - Remember me 쿠키 - SSO 연동 | I4: - Face ID/Touch ID - 자동 로그인 토큰 | J4: 앱 실행, GNB 로그인 버튼 | K4: SCR-001, SCR-010, SCR-012 | L4: - 잘못된 비밀번호: 인라인 에러 - 잠긴 계정: 안내 모달 - 탈퇴 계정: 복구 안내 | M4: □ 폼 접근성 □ 에러 메시지 | N4: □ 360px □ 768px □ 1280px | O4: □ 세로 □ 가로 | Q4: 확정 | R4: 디자이너1 | W4: =IFERROR(COUNTIF('UI 요소 상세'!B:B,A4),0) -> 5
A5: SCR-022 | B5: 검색 | C5: Web + App | D5: /search | E5: 통합 검색 | F5: =IFERROR(_xlfn.TEXTJOIN(CHAR(10),TRUE(),IF('UI 요소 상세'!B$1:B$500=A5,"□ "&'UI 요소 상세'!C$1:C$500,"")),"") | G5: - 입력 시 자동완성 (300ms 디바운스) - 최근 검색어: 개별/전체 삭제 - 필터: 바텀시트(App)/사이드패널(Web) | H5: - URL 파라미터 반영 - SEO | I5: - 음성 검색 - 키보드 자동 포커스 | J5: GNB 검색 아이콘, 메인 검색바 | K5: SCR-021 | L5: - 결과 없음: 추천 검색어 - 특수문자: 이스케이프 처리 | M5: □ 검색창 레이블 □ 결과 알림 | N5: □ 360px □ 768px □ 1280px | O5: □ 세로 □ 가로 | Q5: 작성중 | R5: 디자이너1 | W5: =IFERROR(COUNTIF('UI 요소 상세'!B:B,A5),0) -> 4
A6: SCR-030 | B6: 마이페이지 | C6: Web + App | D6: /mypage | E6: 사용자 프로필/설정 | F6: =IFERROR(_xlfn.TEXTJOIN(CHAR(10),TRUE(),IF('UI 요소 상세'!B$1:B$500=A6,"□ "&'UI 요소 상세'!C$1:C$500,"")),"") | G6: - 프로필 이미지: 탭 시 갤러리/카메라 선택 - 닉네임: 인라인 편집 - 로그아웃: 확인 모달 | H6: - 비밀번호 변경 (소셜 제외) | I6: - 캐시 삭제 - 앱 설정 | J6: 하단 탭(App), GNB(Web) | K6: SCR-031, SCR-032 | L6: - 이미지 업로드 실패: 재시도 - 닉네임 중복: 인라인 에러 | M6: □ 프로필 alt □ 메뉴 접근성 | N6: □ 360px □ 768px □ 1280px | O6: □ 세로 □ 가로 | Q6: 작성중 | R6: 디자이너1 | W6: =IFERROR(COUNTIF('UI 요소 상세'!B:B,A6),0) -> 4
F7: =IFERROR(_xlfn.TEXTJOIN(CHAR(10),TRUE(),IF('UI 요소 상세'!B$1:B$500=A7,"□ "&'UI 요소 상세'!C$1:C$500,"")),"") | S7: =IFERROR(COUNTIF(기능명세서!H:H,A7),0) -> 0 | T7: =IFERROR(COUNTIF(QA테스트케이스!U:U,A7),0) -> 0 | U7: =IFERROR(COUNTIF(API명세서!K:K,A7),0) -> 0 | W7: =IFERROR(COUNTIF('UI 요소 상세'!B:B,A7),0) -> 0
F8: =IFERROR(_xlfn.TEXTJOIN(CHAR(10),TRUE(),IF('UI 요소 상세'!B$1:B$500=A8,"□ "&'UI 요소 상세'!C$1:C$500,"")),"") | S8: =IFERROR(COUNTIF(기능명세서!H:H,A8),0) -> 0 | T8: =IFERROR(COUNTIF(QA테스트케이스!U:U,A8),0) -> 0 | U8: =IFERROR(COUNTIF(API명세서!K:K,A8),0) -> 0 | W8: =IFERROR(COUNTIF('UI 요소 상세'!B:B,A8),0) -> 0
F9: =IFERROR(_xlfn.TEXTJOIN(CHAR(10),TRUE(),IF('UI 요소 상세'!B$1:B$500=A9,"□ "&'UI 요소 상세'!C$1:C$500,"")),"") | S9: =IFERROR(COUNTIF(기능명세서!H:H,A9),0) -> 0 | T9: =IFERROR(COUNTIF(QA테스트케이스!U:U,A9),0) -> 0 | U9: =IFERROR(COUNTIF(API명세서!K:K,A9),0) -> 0 | W9: =IFERROR(COUNTIF('UI 요소 상세'!B:B,A9),0) -> 0
F10: =IFERROR(_xlfn.TEXTJOIN(CHAR(10),TRUE(),IF('UI 요소 상세'!B$1:B$500=A10,"□ "&'UI 요소 상세'!C$1:C$500,"")),"") | S10: =IFERROR(COUNTIF(기능명세서!H:H,A10),0) -> 0 | T10: =IFERROR(COUNTIF(QA테스트케이스!U:U,A10),0) -> 0 | U10: =IFERROR(COUNTIF(API명세서!K:K,A10),0) -> 0 | W10: =IFERROR(COUNTIF('UI 요소 상세'!B:B,A10),0) -> 0
F11: =IFERROR(_xlfn.TEXTJOIN(CHAR(10),TRUE(),IF('UI 요소 상세'!B$1:B$500=A11,"□ "&'UI 요소 상세'!C$1:C$500,"")),"") | S11: =IFERROR(COUNTIF(기능명세서!H:H,A11),0) -> 0 | T11: =IFERROR(COUNTIF(QA테스트케이스!U:U,A11),0) -> 0 | U11: =IFERROR(COUNTIF(API명세서!K:K,A11),0) -> 0 | W11: =IFERROR(COUNTIF('UI 요소 상세'!B:B,A11),0) -> 0
F12: =IFERROR(_xlfn.TEXTJOIN(CHAR(10),TRUE(),IF('UI 요소 상세'!B$1:B$500=A12,"□ "&'UI 요소 상세'!C$1:C$500,"")),"") | S12: =IFERROR(COUNTIF(기능명세서!H:H,A12),0) -> 0 | T12: =IFERROR(COUNTIF(QA테스트케이스!U:U,A12),0) -> 0 | U12: =IFERROR(COUNTIF(API명세서!K:K,A12),0) -> 0 | W12: =IFERROR(COUNTIF('UI 요소 상세'!B:B,A12),0) -> 0
F13: =IFERROR(_xlfn.TEXTJOIN(CHAR(10),TRUE(),IF('UI 요소 상세'!B$1:B$500=A13,"□ "&'UI 요소 상세'!C$1:C$500,"")),"") | S13: =IFERROR(COUNTIF(기능명세서!H:H,A13),0) -> 0 | T13: =IFERROR(COUNTIF(QA테스트케이스!U:U,A13),0) -> 0 | U13: =IFERROR(COUNTIF(API명세서!K:K,A13),0) -> 0 | W13: =IFERROR(COUNTIF('UI 요소 상세'!B:B,A13),0) -> 0
F14: =IFERROR(_xlfn.TEXTJOIN(CHAR(10),TRUE(),IF('UI 요소 상세'!B$1:B$500=A14,"□ "&'UI 요소 상세'!C$1:C$500,"")),"") | S14: =IFERROR(COUNTIF(기능명세서!H:H,A14),0) -> 0 | T14: =IFERROR(COUNTIF(QA테스트케이스!U:U,A14),0) -> 0 | U14: =IFERROR(COUNTIF(API명세서!K:K,A14),0) -> 0 | W14: =IFERROR(COUNTIF('UI 요소 상세'!B:B,A14),0) -> 0
F15: =IFERROR(_xlfn.TEXTJOIN(CHAR(10),TRUE(),IF('UI 요소 상세'!B$1:B$500=A15,"□ "&'UI 요소 상세'!C$1:C$500,"")),"") | S15: =IFERROR(COUNTIF(기능명세서!H:H,A15),0) -> 0 | T15: =IFERROR(COUNTIF(QA테스트케이스!U:U,A15),0) -> 0 | U15: =IFERROR(COUNTIF(API명세서!K:K,A15),0) -> 0 | W15: =IFERROR(COUNTIF('UI 요소 상세'!B:B,A15),0) -> 0
F16: =IFERROR(_xlfn.TEXTJOIN(CHAR(10),TRUE(),IF('UI 요소 상세'!B$1:B$500=A16,"□ "&'UI 요소 상세'!C$1:C$500,"")),"") | S16: =IFERROR(COUNTIF(기능명세서!H:H,A16),0) -> 0 | T16: =IFERROR(COUNTIF(QA테스트케이스!U:U,A16),0) -> 0 | U16: =IFERROR(COUNTIF(API명세서!K:K,A16),0) -> 0 | W16: =IFERROR(COUNTIF('UI 요소 상세'!B:B,A16),0) -> 0
F17: =IFERROR(_xlfn.TEXTJOIN(CHAR(10),TRUE(),IF('UI 요소 상세'!B$1:B$500=A17,"□ "&'UI 요소 상세'!C$1:C$500,"")),"") | S17: =IFERROR(COUNTIF(기능명세서!H:H,A17),0) -> 0 | T17: =IFERROR(COUNTIF(QA테스트케이스!U:U,A17),0) -> 0 | U17: =IFERROR(COUNTIF(API명세서!K:K,A17),0) -> 0 | W17: =IFERROR(COUNTIF('UI 요소 상세'!B:B,A17),0) -> 0
F18: =IFERROR(_xlfn.TEXTJOIN(CHAR(10),TRUE(),IF('UI 요소 상세'!B$1:B$500=A18,"□ "&'UI 요소 상세'!C$1:C$500,"")),"") | S18: =IFERROR(COUNTIF(기능명세서!H:H,A18),0) -> 0 | T18: =IFERROR(COUNTIF(QA테스트케이스!U:U,A18),0) -> 0 | U18: =IFERROR(COUNTIF(API명세서!K:K,A18),0) -> 0 | W18: =IFERROR(COUNTIF('UI 요소 상세'!B:B,A18),0) -> 0
... F199: =IFERROR(_xlfn.TEXTJOIN(CHAR(10),TRUE(),IF('UI 요소 상세'!B$1:B$500=A199,"□ "&'UI 요소 상세'!C$1:C$500,"")),"") -> □ | S199: =IFERROR(COUNTIF(기능명세서!H:H,A199),0) -> 0 | T199: =IFERROR(COUNTIF(QA테스트케이스!U:U,A199),0) -> 0 | U199: =IFERROR(COUNTIF(API명세서!K:K,A199),0) -> 0 | W199: =IFERROR(COUNTIF('UI 요소 상세'!B:B,A199),0) -> 0
S200: =IFERROR(COUNTIF(기능명세서!H:H,A200),0) -> 0 | T200: =IFERROR(COUNTIF(QA테스트케이스!U:U,A200),0) -> 0 | U200: =IFERROR(COUNTIF(API명세서!K:K,A200),0) -> 0

Sheet UI 요소 상세
A1: 요소 ID | B1: 화면 ID | C1: 요소명 | D1: 요소 유형 | E1: 요소 설명 | F1: 인터랙션 정의 | G1: 기능 ID | H1: API ID | I1: Web 구현 | J1: App 구현 | K1: 유효성 검사 | L1: 에러 메시지 | M1: 접근성 | N1: 상태 | O1: 담당자 | P1: [자동] 화면명 | Q1: [자동] 기능명 | R1: [자동] API 엔드포인트 | S1: 비고
A2: ▼ SCR-001 | B2: 메인 화면 | C2: 5개 요소
A3: UI-001 | B3: SCR-001 | C3: 상단 GNB | D3: Nav | E3: 전체 공통 상단 네비게이션 바 | F3: - 로고: 탭 시 메인 이동 - 검색 아이콘: 탭 시 검색 화면 - 알림 아이콘: 탭 시 알림 목록 - 프로필: 탭 시 마이페이지 | I3: - 스크롤 시 고정(sticky) - 반응형 햄버거 메뉴 (768px 이하) | J3: - 상태바 영역 고려 - Safe Area 적용 | M3: □ 키보드 탭 순서 □ aria-label | N3: 완료 | O3: 디자이너1 | P3: =IFERROR(VLOOKUP(B3,'IA(정보구조)'!D:E,2,FALSE()),"") -> 메인 화면 | Q3: =IFERROR(VLOOKUP(G3,기능명세서!A:B,2,FALSE()),"") | R3: =IFERROR(VLOOKUP(H3,API명세서!A:D,4,FALSE()),"")
A4: UI-002 | B4: SCR-001 | C4: 메인 배너 슬라이드 | D4: Slide | E4: 프로모션/이벤트 배너 슬라이드 | F4: - 자동 전환: 3초 간격 - Web: 좌/우 화살표 호버 시 표시 - App: 좌우 스와이프 - 인디케이터: 현재 위치 표시 - 탭/클릭: 배너 상세로 이동 | I4: - 화살표 버튼 hover 표시 - 키보드 좌/우 키 지원 | J4: - 스와이프 제스처 - 자동 전환 중 터치 시 일시 정지 | M4: □ alt 텍스트 □ 자동 재생 중지 버튼 | N4: 완료 | O4: 디자이너1 | P4: =IFERROR(VLOOKUP(B4,'IA(정보구조)'!D:E,2,FALSE()),"") -> 메인 화면 | Q4: =IFERROR(VLOOKUP(G4,기능명세서!A:B,2,FALSE()),"") | R4: =IFERROR(VLOOKUP(H4,API명세서!A:D,4,FALSE()),"")
A5: UI-003 | B5: SCR-001 | C5: 카테고리 메뉴 | D5: Nav | E5: 메인 카테고리 바로가기 메뉴 | F5: - 아이콘 + 텍스트 구성 - 탭/클릭 시 해당 카테고리 목록으로 이동 - Web: 가로 나열 - App: 2행 그리드 or 가로 스크롤 | I5: - 가로 나열, 8개 이상 시 '더보기' | J5: - 2행 그리드 (4x2) - 가로 스크롤 (아이콘 작을 시) | M5: □ 아이콘 레이블 | N5: 완료 | O5: 디자이너1 | P5: =IFERROR(VLOOKUP(B5,'IA(정보구조)'!D:E,2,FALSE()),"") -> 메인 화면 | Q5: =IFERROR(VLOOKUP(G5,기능명세서!A:B,2,FALSE()),"") | R5: =IFERROR(VLOOKUP(H5,API명세서!A:D,4,FALSE()),"")
A6: UI-004 | B6: SCR-001 | C6: 추천 콘텐츠 섹션 | D6: List | E6: 개인화 추천 콘텐츠 목록 | F6: - 카드형 리스트 - Web: 더보기 버튼 - App: 무한 스크롤 - 카드 탭 시 상세 이동 | G6: FN-004 | I6: - 그리드 3열 (PC) / 2열 (태블릿) / 1열 (모바일) - 더보기 버튼 | J6: - 무한 스크롤 - 스켈레톤 로딩 - Pull-to-refresh | M6: □ 카드 이미지 alt □ 포커스 순서 | N6: 설계중 | O6: 디자이너1 | P6: =IFERROR(VLOOKUP(B6,'IA(정보구조)'!D:E,2,FALSE()),"") -> 메인 화면 | Q6: =IFERROR(VLOOKUP(G6,기능명세서!A:B,2,FALSE()),"") -> 키워드 검색 | R6: =IFERROR(VLOOKUP(H6,API명세서!A:D,4,FALSE()),"")
A7: UI-005 | B7: SCR-001 | C7: 하단 탭바 | D7: Tab | E7: App 전용 하단 네비게이션 탭 | F7: - 5개 탭: 홈, 검색, 즐겨찾기, 알림, 마이 - 현재 탭 활성 상태 표시 - 뱃지: 알림 미읽음 수 표시 | I7: - Web에서는 미노출 (GNB로 대체) | J7: - Safe Area 하단 여백 - 탭 전환 애니메이션 - 알림 뱃지 실시간 갱신 | M7: □ 탭 레이블 □ 뱃지 접근성 | N7: 완료 | O7: 디자이너1 | P7: =IFERROR(VLOOKUP(B7,'IA(정보구조)'!D:E,2,FALSE()),"") -> 메인 화면 | Q7: =IFERROR(VLOOKUP(G7,기능명세서!A:B,2,FALSE()),"") | R7: =IFERROR(VLOOKUP(H7,API명세서!A:D,4,FALSE()),"")
A8: ▼ SCR-010 | B8: 회원가입 | C8: 6개 요소
A9: UI-010 | B9: SCR-010 | C9: 이메일 입력 필드 | D9: Input | E9: 회원가입용 이메일 주소 입력 | F9: - placeholder: 'example@email.com' - 포커스 시 라벨 상단 이동 - 입력 중 실시간 형식 검증 - 유효: 초록 체크, 무효: 빨간 경고 | G9: FN-001 | H9: API-001 | I9: - autofocus (첫 필드) - 엔터 시 다음 필드로 | J9: - 키보드 타입: email - 붙여넣기 지원 | K9: - RFC 5322 이메일 형식 - 최대 255자 | L9: - '이메일 형식이 올바르지 않습니다' - '이미 가입된 이메일입니다' | M9: □ label 연결 □ 에러 메시지 aria-live | N9: 완료 | O9: 디자이너1 | P9: =IFERROR(VLOOKUP(B9,'IA(정보구조)'!D:E,2,FALSE()),"") -> 회원가입 | Q9: =IFERROR(VLOOKUP(G9,기능명세서!A:B,2,FALSE()),"") -> 이메일 회원가입 | R9: =IFERROR(VLOOKUP(H9,API명세서!A:D,4,FALSE()),"") -> /api/v1/auth/signup
A10: UI-011 | B10: SCR-010 | C10: 비밀번호 입력 필드 | D10: Input | E10: 비밀번호 입력 + 강도 표시 | F10: - 비밀번호 마스킹 (●) - 눈 아이콘: 토글로 표시/숨김 - 하단에 비밀번호 강도 바 표시 - 강도: 약함(빨강)/보통(주황)/강함(초록) | G10: FN-001 | H10: API-001 | I10: - 엔터 시 다음 필드로 | J10: - 키보드 타입: password - 생체 인증 자동 완성 안내 | K10: - 8자 이상 - 영문 + 숫자 + 특수문자 포함 | L10: - '비밀번호는 8자 이상이어야 합니다' - '영문, 숫자, 특수문자를 포함해주세요' | M10: □ 비밀번호 표시 토글 레이블 | N10: 완료 | O10: 디자이너1 | P10: =IFERROR(VLOOKUP(B10,'IA(정보구조)'!D:E,2,FALSE()),"") -> 회원가입 | Q10: =IFERROR(VLOOKUP(G10,기능명세서!A:B,2,FALSE()),"") -> 이메일 회원가입 | R10: =IFERROR(VLOOKUP(H10,API명세서!A:D,4,FALSE()),"") -> /api/v1/auth/signup
A11: UI-012 | B11: SCR-010 | C11: 비밀번호 확인 필드 | D11: Input | E11: 비밀번호 재입력 확인 | F11: - 비밀번호와 실시간 일치 확인 - 일치: 초록 체크 - 불일치: 빨간 X + 에러 메시지 | G11: FN-001 | H11: API-001 | K11: - 비밀번호 필드와 동일 값 | L11: - '비밀번호가 일치하지 않습니다' | M11: □ 일치/불일치 상태 알림 | N11: 완료 | O11: 디자이너1 | P11: =IFERROR(VLOOKUP(B11,'IA(정보구조)'!D:E,2,FALSE()),"") -> 회원가입 | Q11: =IFERROR(VLOOKUP(G11,기능명세서!A:B,2,FALSE()),"") -> 이메일 회원가입 | R11: =IFERROR(VLOOKUP(H11,API명세서!A:D,4,FALSE()),"") -> /api/v1/auth/signup
A12: UI-013 | B12: SCR-010 | C12: 약관 동의 체크박스 | D12: Checkbox | E12: 이용약관/개인정보 동의 | F12: - 전체 동의 체크박스 (최상단) - 개별 동의: 이용약관(필수), 개인정보(필수), 마케팅(선택) - 전체 동의 시 개별 모두 체크 - '보기' 링크: 약관 상세 모달/페이지 | G12: FN-001 | I12: - 약관 보기: 모달 | J12: - 약관 보기: 새 화면 or 바텀시트 | K12: - 필수 약관 미동의 시 가입 불가 | L12: - '필수 약관에 동의해주세요' | M12: □ 체크박스 레이블 연결 | N12: 완료 | O12: 디자이너1 | P12: =IFERROR(VLOOKUP(B12,'IA(정보구조)'!D:E,2,FALSE()),"") -> 회원가입 | Q12: =IFERROR(VLOOKUP(G12,기능명세서!A:B,2,FALSE()),"") -> 이메일 회원가입 | R12: =IFERROR(VLOOKUP(H12,API명세서!A:D,4,FALSE()),"")
A13: UI-014 | B13: SCR-010 | C13: 소셜 로그인 버튼 그룹 | D13: Button | E13: Google/Apple/Kakao 소셜 가입 버튼 | F13: - 각 소셜 브랜드 컬러 + 로고 - Google: 흰색 배경 - Apple: 검정 배경 - Kakao: 노란 배경 - 탭/클릭 시 해당 OAuth 진행 | G13: FN-002 | H13: API-002 | I13: - OAuth 팝업 방식 | J13: - 앱 전환 방식 - Apple Sign-in 필수(iOS) | L13: - '소셜 인증에 실패했습니다. 다시 시도해주세요' | M13: □ 버튼 레이블 (시각 장애) | N13: 완료 | O13: 디자이너1 | P13: =IFERROR(VLOOKUP(B13,'IA(정보구조)'!D:E,2,FALSE()),"") -> 회원가입 | Q13: =IFERROR(VLOOKUP(G13,기능명세서!A:B,2,FALSE()),"") -> 소셜 로그인 | R13: =IFERROR(VLOOKUP(H13,API명세서!A:D,4,FALSE()),"") -> /api/v1/auth/social
A14: UI-015 | B14: SCR-010 | C14: 가입하기 버튼 | D14: Button | E14: 회원가입 최종 제출 버튼 | F14: - 필수 입력 미완료 시 비활성(회색) - 완료 시 활성(브랜드 컬러) - 탭/클릭 시 로딩 스피너 - 중복 클릭 방지 | G14: FN-001 | H14: API-001 | I14: - 엔터키로도 제출 가능 | J14: - 키보드 올라와 있으면 키보드 닫고 제출 | K14: - 이메일 + 비밀번호 + 필수약관 모두 유효 | L14: - 필드별 인라인 에러 하이라이트 - 서버 에러: 토스트 '일시적 오류가 발생했습니다' | M14: □ disabled 상태 안내 | N14: 완료 | O14: 디자이너1 | P14: =IFERROR(VLOOKUP(B14,'IA(정보구조)'!D:E,2,FALSE()),"") -> 회원가입 | Q14: =IFERROR(VLOOKUP(G14,기능명세서!A:B,2,FALSE()),"") -> 이메일 회원가입 | R14: =IFERROR(VLOOKUP(H14,API명세서!A:D,4,FALSE()),"") -> /api/v1/auth/signup
A15: ▼ SCR-011 | B15: 로그인 | C15: 5개 요소
A16: UI-020 | B16: SCR-011 | C16: 이메일 입력 필드 | D16: Input | E16: 로그인용 이메일 입력 | F16: - placeholder: '이메일 주소' - 이전 로그인 이메일 자동 완성 | G16: FN-003 | H16: API-003 | I16: - autofocus | J16: - 키보드 타입: email | K16: - 이메일 형식 검증 | L16: - '이메일 형식이 올바르지 않습니다' | M16: □ label 연결 | N16: 완료 | O16: 디자이너1 | P16: =IFERROR(VLOOKUP(B16,'IA(정보구조)'!D:E,2,FALSE()),"") -> 로그인 | Q16: =IFERROR(VLOOKUP(G16,기능명세서!A:B,2,FALSE()),"") -> 이메일/PW 로그인 | R16: =IFERROR(VLOOKUP(H16,API명세서!A:D,4,FALSE()),"") -> /api/v1/auth/login
A17: UI-021 | B17: SCR-011 | C17: 비밀번호 입력 필드 | D17: Input | E17: 로그인용 비밀번호 입력 | F17: - 마스킹 + 눈 아이콘 토글 - 엔터 시 로그인 실행 | G17: FN-003 | H17: API-003 | L17: - '이메일 또는 비밀번호가 일치하지 않습니다' | M17: □ 비밀번호 표시 토글 | N17: 완료 | O17: 디자이너1 | P17: =IFERROR(VLOOKUP(B17,'IA(정보구조)'!D:E,2,FALSE()),"") -> 로그인 | Q17: =IFERROR(VLOOKUP(G17,기능명세서!A:B,2,FALSE()),"") -> 이메일/PW 로그인 | R17: =IFERROR(VLOOKUP(H17,API명세서!A:D,4,FALSE()),"") -> /api/v1/auth/login
A18: UI-022 | B18: SCR-011 | C18: 자동 로그인 체크박스 | D18: Checkbox | E18: 자동 로그인 유지 옵션 | F18: - 체크 시 Refresh Token 30일 유지 - 미체크 시 세션 기반 (브라우저 닫으면 로그아웃) | G18: FN-003 | H18: API-003 | I18: - 쿠키 기반 | J18: - Secure Storage 저장 | M18: □ 레이블 연결 | N18: 완료 | O18: 디자이너1 | P18: =IFERROR(VLOOKUP(B18,'IA(정보구조)'!D:E,2,FALSE()),"") -> 로그인 | Q18: =IFERROR(VLOOKUP(G18,기능명세서!A:B,2,FALSE()),"") -> 이메일/PW 로그인 | R18: =IFERROR(VLOOKUP(H18,API명세서!A:D,4,FALSE()),"") -> /api/v1/auth/login
A19: UI-023 | B19: SCR-011 | C19: 로그인 버튼 | D19: Button | E19: 로그인 제출 버튼 | F19: - 이메일+비밀번호 입력 시 활성 - 로딩 스피너 - 5회 실패 시 잠금 안내 | G19: FN-003 | H19: API-003 | K19: - 이메일 + 비밀번호 입력됨 | L19: - 계정 잠금: '30분 후 다시 시도해주세요' | M19: □ disabled 안내 | N19: 완료 | O19: 디자이너1 | P19: =IFERROR(VLOOKUP(B19,'IA(정보구조)'!D:E,2,FALSE()),"") -> 로그인 | Q19: =IFERROR(VLOOKUP(G19,기능명세서!A:B,2,FALSE()),"") -> 이메일/PW 로그인 | R19: =IFERROR(VLOOKUP(H19,API명세서!A:D,4,FALSE()),"") -> /api/v1/auth/login
A20: UI-024 | B20: SCR-011 | C20: 비밀번호 찾기 링크 | D20: Link | E20: 비밀번호 재설정 페이지 이동 | F20: - 탭/클릭 시 SCR-012로 이동 | M20: □ 링크 텍스트 명확 | N20: 완료 | O20: 디자이너1 | P20: =IFERROR(VLOOKUP(B20,'IA(정보구조)'!D:E,2,FALSE()),"") -> 로그인 | Q20: =IFERROR(VLOOKUP(G20,기능명세서!A:B,2,FALSE()),"") | R20: =IFERROR(VLOOKUP(H20,API명세서!A:D,4,FALSE()),"")
A21: ▼ SCR-022 | B21: 검색 | C21: 4개 요소
A22: UI-030 | B22: SCR-022 | C22: 검색 입력 필드 | D22: Input | E22: 검색 키워드 입력 | F22: - placeholder: '검색어를 입력하세요' - 입력 시 자동완성 드롭다운 (300ms 디바운스) - X 버튼: 입력 초기화 - Enter/검색버튼: 검색 실행 | G22: FN-004 | H22: API-010 | I22: - URL 파라미터 반영 - autofocus | J22: - 키보드 자동 포커스 - 음성 검색 아이콘 | K22: - 최소 2글자 - 특수문자 이스케이프 | L22: - '2글자 이상 입력해주세요' | M22: □ 검색창 레이블 □ 자동완성 aria | N22: 설계중 | O22: 디자이너1 | P22: =IFERROR(VLOOKUP(B22,'IA(정보구조)'!D:E,2,FALSE()),"") -> 검색 | Q22: =IFERROR(VLOOKUP(G22,기능명세서!A:B,2,FALSE()),"") -> 키워드 검색 | R22: =IFERROR(VLOOKUP(H22,API명세서!A:D,4,FALSE()),"") -> /api/v1/search
A23: UI-031 | B23: SCR-022 | C23: 최근 검색어 목록 | D23: List | E23: 사용자 최근 검색어 (최대 20개) | F23: - 검색어별 X 버튼: 개별 삭제 - '전체 삭제' 버튼 - 탭/클릭 시 해당 키워드로 검색 | G23: FN-004 | H23: API-010 | M23: □ 삭제 버튼 레이블 | N23: 설계중 | O23: 디자이너1 | P23: =IFERROR(VLOOKUP(B23,'IA(정보구조)'!D:E,2,FALSE()),"") -> 검색 | Q23: =IFERROR(VLOOKUP(G23,기능명세서!A:B,2,FALSE()),"") -> 키워드 검색 | R23: =IFERROR(VLOOKUP(H23,API명세서!A:D,4,FALSE()),"") -> /api/v1/search
A24: UI-032 | B24: SCR-022 | C24: 필터 패널 | D24: Select | E24: 검색 필터 (카테고리/날짜/정렬) | F24: - Web: 좌측 사이드 패널 - App: 하단 바텀시트 - 필터 적용 시 결과 즉시 갱신 - 활성 필터 칩으로 표시 | G24: FN-004 | H24: API-010 | I24: - 사이드 패널 (항상 표시 or 접기) | J24: - 바텀시트 (필터 아이콘 탭 시) | M24: □ 필터 옵션 레이블 | N24: 설계중 | O24: 디자이너1 | P24: =IFERROR(VLOOKUP(B24,'IA(정보구조)'!D:E,2,FALSE()),"") -> 검색 | Q24: =IFERROR(VLOOKUP(G24,기능명세서!A:B,2,FALSE()),"") -> 키워드 검색 | R24: =IFERROR(VLOOKUP(H24,API명세서!A:D,4,FALSE()),"") -> /api/v1/search
A25: UI-033 | B25: SCR-022 | C25: 검색 결과 목록 | D25: List | E25: 검색 결과 카드 목록 | F25: - 결과 건수 표시 - 키워드 하이라이트 - 카드 탭 시 상세 이동 - Web: 페이지네이션 - App: 무한 스크롤 | G25: FN-004 | H25: API-010 | I25: - 페이지네이션 (하단) | J25: - 무한 스크롤 - 스켈레톤 로딩 | L25: - 결과 없음: '검색 결과가 없습니다' + 추천 검색어 | M25: □ 결과 건수 알림 □ 카드 포커스 | N25: 설계중 | O25: 디자이너1 | P25: =IFERROR(VLOOKUP(B25,'IA(정보구조)'!D:E,2,FALSE()),"") -> 검색 | Q25: =IFERROR(VLOOKUP(G25,기능명세서!A:B,2,FALSE()),"") -> 키워드 검색 | R25: =IFERROR(VLOOKUP(H25,API명세서!A:D,4,FALSE()),"") -> /api/v1/search
A26: ▼ SCR-030 | B26: 마이페이지 | C26: 4개 요소
A27: UI-040 | B27: SCR-030 | C27: 프로필 이미지 | D27: Image | E27: 사용자 프로필 사진 | F27: - 탭/클릭 시 이미지 변경 옵션 - Web: 파일 선택 모달 - App: 카메라/갤러리 액션시트 - 크롭 후 저장 | G27: FN-005 | H27: API-020 | I27: - 파일 선택 + 크롭 모달 | J27: - 카메라/갤러리 선택 - 크롭 화면 | K27: - JPG/PNG만 허용 - 5MB 이하 - 자동 리사이즈 500x500 | L27: - '5MB 이하 파일만 가능합니다' - '지원하지 않는 파일 형식입니다' | M27: □ 프로필 이미지 alt | N27: 설계중 | O27: 디자이너1 | P27: =IFERROR(VLOOKUP(B27,'IA(정보구조)'!D:E,2,FALSE()),"") -> 마이페이지 | Q27: =IFERROR(VLOOKUP(G27,기능명세서!A:B,2,FALSE()),"") -> 프로필 수정 | R27: =IFERROR(VLOOKUP(H27,API명세서!A:D,4,FALSE()),"") -> /api/v1/users/me
A28: UI-041 | B28: SCR-030 | C28: 닉네임 편집 | D28: Input | E28: 닉네임 인라인 편집 | F28: - 연필 아이콘 탭 시 편집 모드 - 실시간 중복 체크 - 저장/취소 버튼 표시 | G28: FN-005 | H28: API-020 | K28: - 2~20자 - 특수문자 제한 - 30일 1회 변경 | L28: - '이미 사용 중인 닉네임입니다' - '2~20자로 입력해주세요' - '30일 내 변경 불가' | M28: □ 편집 모드 상태 알림 | N28: 설계중 | O28: 디자이너1 | P28: =IFERROR(VLOOKUP(B28,'IA(정보구조)'!D:E,2,FALSE()),"") -> 마이페이지 | Q28: =IFERROR(VLOOKUP(G28,기능명세서!A:B,2,FALSE()),"") -> 프로필 수정 | R28: =IFERROR(VLOOKUP(H28,API명세서!A:D,4,FALSE()),"") -> /api/v1/users/me
A29: UI-042 | B29: SCR-030 | C29: 메뉴 목록 | D29: List | E29: 마이페이지 설정 메뉴 | F29: - 리스트 메뉴: 알림 설정, 다크모드, 개인정보, 고객센터, 로그아웃 - 각 메뉴 탭 시 해당 화면 이동 - 로그아웃: 확인 모달 | M29: □ 메뉴 항목 접근성 | N29: 설계중 | O29: 디자이너1 | P29: =IFERROR(VLOOKUP(B29,'IA(정보구조)'!D:E,2,FALSE()),"") -> 마이페이지 | Q29: =IFERROR(VLOOKUP(G29,기능명세서!A:B,2,FALSE()),"") | R29: =IFERROR(VLOOKUP(H29,API명세서!A:D,4,FALSE()),"")
A30: UI-043 | B30: SCR-030 | C30: 로그아웃 버튼 | D30: Button | E30: 로그아웃 실행 | F30: - 탭/클릭 시 확인 모달 - 확인: 세션 종료 → 로그인 화면 - 취소: 모달 닫기 | G30: FN-003 | I30: - 모달 확인/취소 | J30: - 모달 확인/취소 | M30: □ 모달 포커스 트랩 | N30: 설계중 | O30: 디자이너1 | P30: =IFERROR(VLOOKUP(B30,'IA(정보구조)'!D:E,2,FALSE()),"") -> 마이페이지 | Q30: =IFERROR(VLOOKUP(G30,기능명세서!A:B,2,FALSE()),"") -> 이메일/PW 로그인 | R30: =IFERROR(VLOOKUP(H30,API명세서!A:D,4,FALSE()),"")
P500: =IFERROR(VLOOKUP(B500,'IA(정보구조)'!D:E,2,FALSE()),"") | Q500: =IFERROR(VLOOKUP(G500,기능명세서!A:B,2,FALSE()),"") | R500: =IFERROR(VLOOKUP(H500,API명세서!A:D,4,FALSE()),"")

Sheet 기능명세서
A1: 기능 ID | B1: 기능명 | C1: 기능 분류 | D1: 플랫폼 | E1: 우선순위 | F1: 기능 설명 | G1: 상세 요구사항 | H1: 화면 ID | I1: 입력 항목 | J1: 출력 항목 | K1: 비즈니스 규칙 | L1: 예외 처리 | M1: Web 구현 사항 | N1: App 구현 사항 | O1: 관련 API ID | P1: 상태 | Q1: 담당자 | R1: [자동] 화면명 | S1: [자동] API 엔드포인트 | T1: 비고 | U1: [자동] 관련 UI 요소
A2: ▼ SCR-010 | B2: 회원가입 (2개 기능) | U2: =IFERROR(_xlfn.TEXTJOIN(", ",TRUE(),IF('UI 요소 상세'!G$1:G$500=A2,'UI 요소 상세'!C$1:C$500,"")),"")
A3: FN-001 | B3: 이메일 회원가입 | C3: 회원 | D3: Web + App | E3: Critical | F3: 유효한 이메일과 비밀번호로 신규 회원가입 | G3: 1. 이메일 형식 검증 (RFC 5322) 2. 비밀번호: 8자 이상, 영문+숫자+특수문자 3. 약관 동의 필수 (이용약관, 개인정보) 4. 이메일 인증 발송 5. 인증 완료 후 로그인 가능 | H3: SCR-010 | I3: 이메일, 비밀번호, 비밀번호확인, 약관동의여부 | J3: 가입 완료 메시지, 인증 이메일 | K3: - 동일 이메일 중복 가입 불가 - 탈퇴 후 30일 내 동일 이메일 재가입 불가 - 만 14세 미만 가입 불가 | L3: - 중복 이메일: '이미 가입된 이메일입니다' - 비밀번호 불일치: 인라인 에러 - 서버 에러: '일시적 오류' 토스트 | M3: - 엔터키 폼 제출 - 탭 순서 보장 | N3: - 키보드 올라올 때 스크롤 - 생체 인증 등록 안내 | O3: API-001 | P3: 확정 | Q3: 기획자1 | R3: =IFERROR(VLOOKUP(H3,'IA(정보구조)'!D:E,2,FALSE()),"") -> 회원가입 | S3: =IFERROR(VLOOKUP(O3,API명세서!A:D,4,FALSE()),"") -> /api/v1/auth/signup | U3: =IFERROR(_xlfn.TEXTJOIN(", ",TRUE(),IF('UI 요소 상세'!G$1:G$500=A3,'UI 요소 상세'!C$1:C$500,"")),"")
A4: FN-002 | B4: 소셜 로그인 | C4: 회원 | D4: Web + App | E4: Critical | F4: Google/Apple/Kakao 계정으로 간편 로그인/가입 | G4: 1. 소셜 인증 성공 시 자동 가입/로그인 2. 이메일 정보 자동 연동 3. 프로필 이미지 연동 (선택) 4. 기존 가입 이메일과 동일 시 계정 연결 안내 | H4: SCR-010 | I4: 소셜 제공자 토큰 | J4: 로그인 완료, 프로필 정보 | K4: - 소셜 계정 이메일이 기존 가입 이메일과 동일 시 연결 확인 - 소셜 연동 해제 시 비밀번호 설정 필수 | L4: - 소셜 인증 실패: '인증에 실패했습니다' - 네트워크 에러: 재시도 안내 | M4: - 팝업 방식 OAuth | N4: - 앱 전환 방식 OAuth - Apple Sign-in 필수(iOS) | O4: API-002 | P4: 확정 | Q4: 기획자1 | R4: =IFERROR(VLOOKUP(H4,'IA(정보구조)'!D:E,2,FALSE()),"") -> 회원가입 | S4: =IFERROR(VLOOKUP(O4,API명세서!A:D,4,FALSE()),"") -> /api/v1/auth/social | U4: =IFERROR(_xlfn.TEXTJOIN(", ",TRUE(),IF('UI 요소 상세'!G$1:G$500=A4,'UI 요소 상세'!C$1:C$500,"")),"")
A5: ▼ SCR-011 | B5: 로그인 (1개 기능) | U5: =IFERROR(_xlfn.TEXTJOIN(", ",TRUE(),IF('UI 요소 상세'!G$1:G$500=A5,'UI 요소 상세'!C$1:C$500,"")),"")
A6: FN-003 | B6: 이메일/PW 로그인 | C6: 회원 | D6: Web + App | E6: Critical | F6: 이메일과 비밀번호로 로그인 | G6: 1. 이메일+비밀번호 일치 시 로그인 2. 자동 로그인 체크 시 토큰 유지 (30일) 3. 5회 연속 실패 시 계정 잠금 (30분) | H6: SCR-011 | I6: 이메일, 비밀번호, 자동로그인 여부 | J6: 로그인 세션, Access/Refresh 토큰 | K6: - 5회 실패 시 30분 잠금 - 자동 로그인: Refresh Token 30일 - 비활성 계정 로그인 불가 | L6: - 비밀번호 오류: '이메일 또는 비밀번호가 일치하지 않습니다' - 잠긴 계정: 잠금 해제 안내 | M6: - 쿠키 기반 세션 | N6: - Secure Storage 토큰 저장 | O6: API-003 | P6: 확정 | Q6: 기획자1 | R6: =IFERROR(VLOOKUP(H6,'IA(정보구조)'!D:E,2,FALSE()),"") -> 로그인 | S6: =IFERROR(VLOOKUP(O6,API명세서!A:D,4,FALSE()),"") -> /api/v1/auth/login | U6: =IFERROR(_xlfn.TEXTJOIN(", ",TRUE(),IF('UI 요소 상세'!G$1:G$500=A6,'UI 요소 상세'!C$1:C$500,"")),"")
A7: ▼ SCR-022 | B7: 검색 (1개 기능) | U7: =IFERROR(_xlfn.TEXTJOIN(", ",TRUE(),IF('UI 요소 상세'!G$1:G$500=A7,'UI 요소 상세'!C$1:C$500,"")),"")
A8: FN-004 | B8: 키워드 검색 | C8: 검색 | D8: Web + App | E8: High | F8: 키워드 기반 통합 검색 | G8: 1. 검색어 입력 시 자동완성 (300ms 디바운스) 2. 최근 검색어 저장 (최대 20개) 3. 인기 검색어 실시간 갱신 (1시간) 4. 검색 결과 하이라이트 | H8: SCR-022 | I8: 검색 키워드, 필터 조건, 정렬 옵션 | J8: 검색 결과 목록, 총 건수, 자동완성 목록 | K8: - 최소 2글자 이상 입력 - 특수문자 이스케이프 - 빈 검색어 실행 불가 | L8: - 결과 없음: 추천 검색어 표시 - 검색 실패: 재시도 안내 | M8: - URL 파라미터 검색어 반영 - 뒤로가기 시 검색 상태 유지 | N8: - 음성 검색 지원 - 검색 시 키보드 자동 닫기 | O8: API-010 | P8: 작성중 | Q8: 기획자2 | R8: =IFERROR(VLOOKUP(H8,'IA(정보구조)'!D:E,2,FALSE()),"") -> 검색 | S8: =IFERROR(VLOOKUP(O8,API명세서!A:D,4,FALSE()),"") -> /api/v1/search | U8: =IFERROR(_xlfn.TEXTJOIN(", ",TRUE(),IF('UI 요소 상세'!G$1:G$500=A8,'UI 요소 상세'!C$1:C$500,"")),"")
A9: ▼ SCR-030 | B9: 마이페이지 (1개 기능) | U9: =IFERROR(_xlfn.TEXTJOIN(", ",TRUE(),IF('UI 요소 상세'!G$1:G$500=A9,'UI 요소 상세'!C$1:C$500,"")),"")
A10: FN-005 | B10: 프로필 수정 | C10: 마이페이지 | D10: Web + App | E10: Medium | F10: 사용자 프로필 정보 수정 | G10: 1. 닉네임 변경 (2~20자, 특수문자 제한) 2. 프로필 이미지 변경 (JPG/PNG, 5MB 이하) 3. 변경 즉시 반영 | H10: SCR-030 | I10: 닉네임, 프로필 이미지 파일 | J10: 수정 완료 메시지 | K10: - 닉네임 중복 불가 - 30일 내 닉네임 1회 변경 - 이미지 자동 리사이즈 (500x500) | L10: - 닉네임 중복: '이미 사용 중인 닉네임입니다' - 이미지 용량 초과: '5MB 이하 파일만 가능합니다' | M10: - 이미지 크롭 (Web: 모달) | N10: - 이미지 크롭 (App: 별도 화면) - 카메라/갤러리 선택 | O10: API-020 | P10: 작성중 | Q10: 기획자2 | R10: =IFERROR(VLOOKUP(H10,'IA(정보구조)'!D:E,2,FALSE()),"") -> 마이페이지 | S10: =IFERROR(VLOOKUP(O10,API명세서!A:D,4,FALSE()),"") -> /api/v1/users/me | U10: =IFERROR(_xlfn.TEXTJOIN(", ",TRUE(),IF('UI 요소 상세'!G$1:G$500=A10,'UI 요소 상세'!C$1:C$500,"")),"")
U11: =IFERROR(_xlfn.TEXTJOIN(", ",TRUE(),IF('UI 요소 상세'!G$1:G$500=A11,'UI 요소 상세'!C$1:C$500,"")),"")
U12: =IFERROR(_xlfn.TEXTJOIN(", ",TRUE(),IF('UI 요소 상세'!G$1:G$500=A12,'UI 요소 상세'!C$1:C$500,"")),"")
U13: =IFERROR(_xlfn.TEXTJOIN(", ",TRUE(),IF('UI 요소 상세'!G$1:G$500=A13,'UI 요소 상세'!C$1:C$500,"")),"")
U14: =IFERROR(_xlfn.TEXTJOIN(", ",TRUE(),IF('UI 요소 상세'!G$1:G$500=A14,'UI 요소 상세'!C$1:C$500,"")),"")
U15: =IFERROR(_xlfn.TEXTJOIN(", ",TRUE(),IF('UI 요소 상세'!G$1:G$500=A15,'UI 요소 상세'!C$1:C$500,"")),"") -> 요소명, 5개 요소, 상단 GNB, 메인 배너 슬라이드, 카테고리 메뉴, 추천 콘텐츠 섹션, 하단 탭바, 6개 요소, 이메일 입력 필드, 비밀번호 입력 필드, 비밀번호 확인 필드, 약관 동의 체크박스, 소셜 로그인 버튼 그룹, 가입하기 버튼, 5개 요소, 이메일 입력 필드, 비밀번호 입력 필드, 자동 로그인 체크박스, 로그인 버튼, 비밀번호 찾기 링크, 4개 요소, 검색 입력 필드, 최근 검색어 목록, 필터 패널, 검색 결과 목록, 4개 요소, 프로필 이미지, 닉네임 편집, 메뉴 목록, 로그아웃 버튼
U16: =IFERROR(_xlfn.TEXTJOIN(", ",TRUE(),IF('UI 요소 상세'!G$1:G$500=A16,'UI 요소 상세'!C$1:C$500,"")),"")
U17: =IFERROR(_xlfn.TEXTJOIN(", ",TRUE(),IF('UI 요소 상세'!G$1:G$500=A17,'UI 요소 상세'!C$1:C$500,"")),"")
U18: =IFERROR(_xlfn.TEXTJOIN(", ",TRUE(),IF('UI 요소 상세'!G$1:G$500=A18,'UI 요소 상세'!C$1:C$500,"")),"")
U19: =IFERROR(_xlfn.TEXTJOIN(", ",TRUE(),IF('UI 요소 상세'!G$1:G$500=A19,'UI 요소 상세'!C$1:C$500,"")),"")
U20: =IFERROR(_xlfn.TEXTJOIN(", ",TRUE(),IF('UI 요소 상세'!G$1:G$500=A20,'UI 요소 상세'!C$1:C$500,"")),"") -> 요소명, 5개 요소, 상단 GNB, 메인 배너 슬라이드, 카테고리 메뉴, 추천 콘텐츠 섹션, 하단 탭바, 6개 요소, 이메일 입력 필드, 비밀번호 입력 필드, 비밀번호 확인 필드, 약관 동의 체크박스, 소셜 로그인 버튼 그룹, 가입하기 버튼, 5개 요소, 이메일 입력 필드, 비밀번호 입력 필드, 자동 로그인 체크박스, 로그인 버튼, 비밀번호 찾기 링크, 4개 요소, 검색 입력 필드, 최근 검색어 목록, 필터 패널, 검색 결과 목록, 4개 요소, 프로필 이미지, 닉네임 편집, 메뉴 목록, 로그아웃 버튼
U21: =IFERROR(_xlfn.TEXTJOIN(", ",TRUE(),IF('UI 요소 상세'!G$1:G$500=A21,'UI 요소 상세'!C$1:C$500,"")),"") -> 요소명, 5개 요소, 상단 GNB, 메인 배너 슬라이드, 카테고리 메뉴, 추천 콘텐츠 섹션, 하단 탭바, 6개 요소, 이메일 입력 필드, 비밀번호 입력 필드, 비밀번호 확인 필드, 약관 동의 체크박스, 소셜 로그인 버튼 그룹, 가입하기 버튼, 5개 요소, 이메일 입력 필드, 비밀번호 입력 필드, 자동 로그인 체크박스, 로그인 버튼, 비밀번호 찾기 링크, 4개 요소, 검색 입력 필드, 최근 검색어 목록, 필터 패널, 검색 결과 목록, 4개 요소, 프로필 이미지, 닉네임 편집, 메뉴 목록, 로그아웃 버튼
U22: =IFERROR(_xlfn.TEXTJOIN(", ",TRUE(),IF('UI 요소 상세'!G$1:G$500=A22,'UI 요소 상세'!C$1:C$500,"")),"")
... U199: =IFERROR(_xlfn.TEXTJOIN(", ",TRUE(),IF('UI 요소 상세'!G$1:G$500=A199,'UI 요소 상세'!C$1:C$500,"")),"") -> 요소명, 5개 요소, 상단 GNB, 메인 배너 슬라이드, 카테고리 메뉴, 추천 콘텐츠 섹션, 하단 탭바, 6개 요소, 이메일 입력 필드, 비밀번호 입력 필드, 비밀번호 확인 필드, 약관 동의 체크박스, 소셜 로그인 버튼 그룹, 가입하기 버튼, 5개 요소, 이메일 입력 필드, 비밀번호 입력 필드, 자동 로그인 체크박스, 로그인 버튼, 비밀번호 찾기 링크, 4개 요소, 검색 입력 필드, 최근 검색어 목록, 필터 패널, 검색 결과 목록, 4개 요소, 프로필 이미지, 닉네임 편집, 메뉴 목록, 로그아웃 버튼
R200: =IFERROR(VLOOKUP(H200,'IA(정보구조)'!D:E,2,FALSE()),"") | S200: =IFERROR(VLOOKUP(O200,API명세서!A:D,4,FALSE()),"")

Sheet API명세서
A1: API ID | B1: API명 | C1: Method | D1: 엔드포인트 | E1: 설명 | F1: Request Headers | G1: Request Body | H1: Response (성공) | I1: Response (실패) | J1: 인증 필요 | K1: 화면 ID | L1: 기능 ID | M1: 상태 | N1: 담당자 | O1: [자동] 화면명 | P1: [자동] 기능명 | Q1: 비고 | R1: [자동] 관련 UI 요소
A2: API-001 | B2: 이메일 회원가입 | C2: POST | D2: /api/v1/auth/signup | E2: 이메일/비밀번호 기반 회원가입 | F2: Content-Type: application/json | G2: { "email": "string (required)", "password": "string (required)", "passwordConfirm": "string (required)", "termsAgreed": "boolean (required)", "privacyAgreed": "boolean (required)" } | H2: { "status": 201, "data": { "userId": "string", "email": "string" }, "message": "인증 이메일이 발송되었습니다" } | I2: 400: 유효성 검사 실패 409: 이메일 중복 500: 서버 오류 | J2: N | K2: SCR-010 | L2: FN-001 | M2: 개발완료 | N2: 개발자1 | R2: =IFERROR(_xlfn.TEXTJOIN(", ",TRUE(),IF('UI 요소 상세'!H$1:H$500=A2,'UI 요소 상세'!C$1:C$500,"")),"")
A3: API-002 | B3: 소셜 로그인 | C3: POST | D3: /api/v1/auth/social | E3: 소셜 계정 인증 기반 로그인/가입 | F3: Content-Type: application/json | G3: { "provider": "google|apple|kakao", "token": "string (required)", "deviceInfo": "object (optional)" } | H3: { "status": 200, "data": { "accessToken": "string", "refreshToken": "string", "user": {...} } } | I3: 401: 인증 실패 409: 이메일 충돌 500: 서버 오류 | J3: N | K3: SCR-010 | L3: FN-002 | M3: 개발완료 | N3: 개발자1 | R3: =IFERROR(_xlfn.TEXTJOIN(", ",TRUE(),IF('UI 요소 상세'!H$1:H$500=A3,'UI 요소 상세'!C$1:C$500,"")),"")
A4: API-003 | B4: 이메일 로그인 | C4: POST | D4: /api/v1/auth/login | E4: 이메일/비밀번호 로그인 | F4: Content-Type: application/json | G4: { "email": "string (required)", "password": "string (required)", "autoLogin": "boolean (optional)" } | H4: { "status": 200, "data": { "accessToken": "string", "refreshToken": "string", "user": {...} } } | I4: 401: 비밀번호 불일치 423: 계정 잠금 404: 계정 없음 | J4: N | K4: SCR-011 | L4: FN-003 | M4: 개발완료 | N4: 개발자1 | R4: =IFERROR(_xlfn.TEXTJOIN(", ",TRUE(),IF('UI 요소 상세'!H$1:H$500=A4,'UI 요소 상세'!C$1:C$500,"")),"")
A5: API-010 | B5: 검색 | C5: GET | D5: /api/v1/search | E5: 키워드 기반 통합 검색 | F5: Authorization: Bearer {token} Content-Type: application/json | G5: Query Params: q: "string (required, min 2)" category: "string (optional)" sort: "relevance|date|popular" page: "number" limit: "number (default: 20)" | H5: { "status": 200, "data": { "total": "number", "items": [...], "pagination": {...} } } | I5: 400: 검색어 부족 401: 인증 필요 500: 서버 오류 | J5: N | K5: SCR-022 | L5: FN-004 | M5: 개발중 | N5: 개발자2 | R5: =IFERROR(_xlfn.TEXTJOIN(", ",TRUE(),IF('UI 요소 상세'!H$1:H$500=A5,'UI 요소 상세'!C$1:C$500,"")),"")
A6: API-020 | B6: 프로필 수정 | C6: PUT | D6: /api/v1/users/me | E6: 사용자 프로필 정보 수정 | F6: Authorization: Bearer {token} Content-Type: multipart/form-data | G6: { "nickname": "string (optional, 2-20자)", "profileImage": "file (optional, JPG/PNG, <5MB)" } | H6: { "status": 200, "data": { "userId": "string", "nickname": "string", "profileImageUrl": "string" } } | I6: 400: 유효성 실패 409: 닉네임 중복 413: 파일 용량 초과 | J6: Y | K6: SCR-030 | L6: FN-005 | M6: 설계중 | N6: 개발자2 | R6: =IFERROR(_xlfn.TEXTJOIN(", ",TRUE(),IF('UI 요소 상세'!H$1:H$500=A6,'UI 요소 상세'!C$1:C$500,"")),"")
O7: =IFERROR(VLOOKUP(K7,'IA(정보구조)'!D:E,2,FALSE()),"") | P7: =IFERROR(VLOOKUP(L7,기능명세서!A:B,2,FALSE()),"") | R7: =IFERROR(_xlfn.TEXTJOIN(", ",TRUE(),IF('UI 요소 상세'!H$1:H$500=A7,'UI 요소 상세'!C$1:C$500,"")),"") -> 요소명, 5개 요소, 상단 GNB, 메인 배너 슬라이드, 카테고리 메뉴, 추천 콘텐츠 섹션, 하단 탭바, 6개 요소, 이메일 입력 필드, 비밀번호 입력 필드, 비밀번호 확인 필드, 약관 동의 체크박스, 소셜 로그인 버튼 그룹, 가입하기 버튼, 5개 요소, 이메일 입력 필드, 비밀번호 입력 필드, 자동 로그인 체크박스, 로그인 버튼, 비밀번호 찾기 링크, 4개 요소, 검색 입력 필드, 최근 검색어 목록, 필터 패널, 검색 결과 목록, 4개 요소, 프로필 이미지, 닉네임 편집, 메뉴 목록, 로그아웃 버튼
O8: =IFERROR(VLOOKUP(K8,'IA(정보구조)'!D:E,2,FALSE()),"") | P8: =IFERROR(VLOOKUP(L8,기능명세서!A:B,2,FALSE()),"") | R8: =IFERROR(_xlfn.TEXTJOIN(", ",TRUE(),IF('UI 요소 상세'!H$1:H$500=A8,'UI 요소 상세'!C$1:C$500,"")),"") -> 요소명, 5개 요소, 상단 GNB, 메인 배너 슬라이드, 카테고리 메뉴, 추천 콘텐츠 섹션, 하단 탭바, 6개 요소, 이메일 입력 필드, 비밀번호 입력 필드, 비밀번호 확인 필드, 약관 동의 체크박스, 소셜 로그인 버튼 그룹, 가입하기 버튼, 5개 요소, 이메일 입력 필드, 비밀번호 입력 필드, 자동 로그인 체크박스, 로그인 버튼, 비밀번호 찾기 링크, 4개 요소, 검색 입력 필드, 최근 검색어 목록, 필터 패널, 검색 결과 목록, 4개 요소, 프로필 이미지, 닉네임 편집, 메뉴 목록, 로그아웃 버튼
O9: =IFERROR(VLOOKUP(K9,'IA(정보구조)'!D:E,2,FALSE()),"") | P9: =IFERROR(VLOOKUP(L9,기능명세서!A:B,2,FALSE()),"") | R9: =IFERROR(_xlfn.TEXTJOIN(", ",TRUE(),IF('UI 요소 상세'!H$1:H$500=A9,'UI 요소 상세'!C$1:C$500,"")),"")
O10: =IFERROR(VLOOKUP(K10,'IA(정보구조)'!D:E,2,FALSE()),"") | P10: =IFERROR(VLOOKUP(L10,기능명세서!A:B,2,FALSE()),"") | R10: =IFERROR(_xlfn.TEXTJOIN(", ",TRUE(),IF('UI 요소 상세'!H$1:H$500=A10,'UI 요소 상세'!C$1:C$500,"")),"")
O11: =IFERROR(VLOOKUP(K11,'IA(정보구조)'!D:E,2,FALSE()),"") | P11: =IFERROR(VLOOKUP(L11,기능명세서!A:B,2,FALSE()),"") | R11: =IFERROR(_xlfn.TEXTJOIN(", ",TRUE(),IF('UI 요소 상세'!H$1:H$500=A11,'UI 요소 상세'!C$1:C$500,"")),"")
O12: =IFERROR(VLOOKUP(K12,'IA(정보구조)'!D:E,2,FALSE()),"") | P12: =IFERROR(VLOOKUP(L12,기능명세서!A:B,2,FALSE()),"") | R12: =IFERROR(_xlfn.TEXTJOIN(", ",TRUE(),IF('UI 요소 상세'!H$1:H$500=A12,'UI 요소 상세'!C$1:C$500,"")),"") -> 요소명, 5개 요소, 상단 GNB, 메인 배너 슬라이드, 카테고리 메뉴, 추천 콘텐츠 섹션, 하단 탭바, 6개 요소, 이메일 입력 필드, 비밀번호 입력 필드, 비밀번호 확인 필드, 약관 동의 체크박스, 소셜 로그인 버튼 그룹, 가입하기 버튼, 5개 요소, 이메일 입력 필드, 비밀번호 입력 필드, 자동 로그인 체크박스, 로그인 버튼, 비밀번호 찾기 링크, 4개 요소, 검색 입력 필드, 최근 검색어 목록, 필터 패널, 검색 결과 목록, 4개 요소, 프로필 이미지, 닉네임 편집, 메뉴 목록, 로그아웃 버튼
O13: =IFERROR(VLOOKUP(K13,'IA(정보구조)'!D:E,2,FALSE()),"") | P13: =IFERROR(VLOOKUP(L13,기능명세서!A:B,2,FALSE()),"") | R13: =IFERROR(_xlfn.TEXTJOIN(", ",TRUE(),IF('UI 요소 상세'!H$1:H$500=A13,'UI 요소 상세'!C$1:C$500,"")),"")
O14: =IFERROR(VLOOKUP(K14,'IA(정보구조)'!D:E,2,FALSE()),"") | P14: =IFERROR(VLOOKUP(L14,기능명세서!A:B,2,FALSE()),"") | R14: =IFERROR(_xlfn.TEXTJOIN(", ",TRUE(),IF('UI 요소 상세'!H$1:H$500=A14,'UI 요소 상세'!C$1:C$500,"")),"")
O15: =IFERROR(VLOOKUP(K15,'IA(정보구조)'!D:E,2,FALSE()),"") | P15: =IFERROR(VLOOKUP(L15,기능명세서!A:B,2,FALSE()),"") | R15: =IFERROR(_xlfn.TEXTJOIN(", ",TRUE(),IF('UI 요소 상세'!H$1:H$500=A15,'UI 요소 상세'!C$1:C$500,"")),"") -> 요소명, 5개 요소, 상단 GNB, 메인 배너 슬라이드, 카테고리 메뉴, 추천 콘텐츠 섹션, 하단 탭바, 6개 요소, 이메일 입력 필드, 비밀번호 입력 필드, 비밀번호 확인 필드, 약관 동의 체크박스, 소셜 로그인 버튼 그룹, 가입하기 버튼, 5개 요소, 이메일 입력 필드, 비밀번호 입력 필드, 자동 로그인 체크박스, 로그인 버튼, 비밀번호 찾기 링크, 4개 요소, 검색 입력 필드, 최근 검색어 목록, 필터 패널, 검색 결과 목록, 4개 요소, 프로필 이미지, 닉네임 편집, 메뉴 목록, 로그아웃 버튼
O16: =IFERROR(VLOOKUP(K16,'IA(정보구조)'!D:E,2,FALSE()),"") | P16: =IFERROR(VLOOKUP(L16,기능명세서!A:B,2,FALSE()),"") | R16: =IFERROR(_xlfn.TEXTJOIN(", ",TRUE(),IF('UI 요소 상세'!H$1:H$500=A16,'UI 요소 상세'!C$1:C$500,"")),"")
O17: =IFERROR(VLOOKUP(K17,'IA(정보구조)'!D:E,2,FALSE()),"") | P17: =IFERROR(VLOOKUP(L17,기능명세서!A:B,2,FALSE()),"") | R17: =IFERROR(_xlfn.TEXTJOIN(", ",TRUE(),IF('UI 요소 상세'!H$1:H$500=A17,'UI 요소 상세'!C$1:C$500,"")),"")
O18: =IFERROR(VLOOKUP(K18,'IA(정보구조)'!D:E,2,FALSE()),"") | P18: =IFERROR(VLOOKUP(L18,기능명세서!A:B,2,FALSE()),"") | R18: =IFERROR(_xlfn.TEXTJOIN(", ",TRUE(),IF('UI 요소 상세'!H$1:H$500=A18,'UI 요소 상세'!C$1:C$500,"")),"")
... O199: =IFERROR(VLOOKUP(K199,'IA(정보구조)'!D:E,2,FALSE()),"") | P199: =IFERROR(VLOOKUP(L199,기능명세서!A:B,2,FALSE()),"") | R199: =IFERROR(_xlfn.TEXTJOIN(", ",TRUE(),IF('UI 요소 상세'!H$1:H$500=A199,'UI 요소 상세'!C$1:C$500,"")),"") -> 요소명, 5개 요소, 상단 GNB, 메인 배너 슬라이드, 카테고리 메뉴, 추천 콘텐츠 섹션, 하단 탭바, 6개 요소, 이메일 입력 필드, 비밀번호 입력 필드, 비밀번호 확인 필드, 약관 동의 체크박스, 소셜 로그인 버튼 그룹, 가입하기 버튼, 5개 요소, 이메일 입력 필드, 비밀번호 입력 필드, 자동 로그인 체크박스, 로그인 버튼, 비밀번호 찾기 링크, 4개 요소, 검색 입력 필드, 최근 검색어 목록, 필터 패널, 검색 결과 목록, 4개 요소, 프로필 이미지, 닉네임 편집, 메뉴 목록, 로그아웃 버튼
O200: =IFERROR(VLOOKUP(K200,'IA(정보구조)'!D:E,2,FALSE()),"") | P200: =IFERROR(VLOOKUP(L200,기능명세서!A:B,2,FALSE()),"")

Sheet 데이터 정의서
A1: 테이블명 | B1: 컬럼명 | C1: 데이터 타입 | D1: 길이 | E1: NULL 허용 | F1: 기본값 | G1: PK | H1: FK | I1: 인덱스 | J1: 설명 | K1: 관련 API ID | L1: 상태 | M1: 비고
A2: users | B2: id | C2: BIGINT | E2: N | F2: AUTO_INCREMENT | G2: Y | I2: Y | J2: 사용자 고유 ID | K2: API-001 | L2: 확정
A3: users | B3: email | C3: VARCHAR | D3: 255 | E3: N | G3: N | I3: UNIQUE | J3: 이메일 (로그인용) | K3: API-001 | L3: 확정
A4: users | B4: password_hash | C4: VARCHAR | D4: 255 | E4: Y | F4: NULL | G4: N | I4: N | J4: 비밀번호 해시 (소셜 가입 시 NULL) | K4: API-003 | L4: 확정
A5: users | B5: nickname | C5: VARCHAR | D5: 20 | E5: N | G5: N | I5: UNIQUE | J5: 닉네임 | K5: API-020 | L5: 확정
A6: users | B6: profile_image_url | C6: VARCHAR | D6: 500 | E6: Y | F6: NULL | G6: N | I6: N | J6: 프로필 이미지 URL | K6: API-020 | L6: 확정
A7: users | B7: provider | C7: ENUM | E7: N | F7: 'email' | G7: N | I7: Y | J7: 가입 경로: email/google/apple/kakao | K7: API-002 | L7: 확정
A8: users | B8: status | C8: ENUM | E8: N | F8: 'active' | G8: N | I8: Y | J8: 계정 상태: active/locked/withdrawn | L8: 확정
A9: users | B9: login_fail_count | C9: INT | E9: N | F9: 0 | G9: N | I9: N | J9: 연속 로그인 실패 횟수 | K9: API-003 | L9: 확정
A10: users | B10: last_login_at | C10: DATETIME | E10: Y | F10: NULL | G10: N | I10: N | J10: 마지막 로그인 일시 | K10: API-003 | L10: 확정
A11: users | B11: created_at | C11: DATETIME | E11: N | F11: CURRENT_TIMESTAMP | G11: N | I11: Y | J11: 가입일시 | L11: 확정
A12: users | B12: updated_at | C12: DATETIME | E12: N | F12: CURRENT_TIMESTAMP | G12: N | I12: N | J12: 수정일시 | L12: 확정
A14: user_tokens | B14: id | C14: BIGINT | E14: N | F14: AUTO_INCREMENT | G14: Y | I14: Y | J14: 토큰 고유 ID | L14: 확정
A15: user_tokens | B15: user_id | C15: BIGINT | E15: N | G15: N | H15: users.id | I15: Y | J15: 사용자 FK | K15: API-003 | L15: 확정
A16: user_tokens | B16: refresh_token | C16: VARCHAR | D16: 500 | E16: N | G16: N | I16: UNIQUE | J16: 리프레시 토큰 | K16: API-003 | L16: 확정
A17: user_tokens | B17: expires_at | C17: DATETIME | E17: N | G17: N | I17: Y | J17: 토큰 만료 일시 | L17: 확정
A18: user_tokens | B18: device_info | C18: JSON | E18: Y | F18: NULL | G18: N | I18: N | J18: 디바이스 정보 | K18: API-002 | L18: 확정
A20: search_history | B20: id | C20: BIGINT | E20: N | F20: AUTO_INCREMENT | G20: Y | I20: Y | J20: 검색 기록 ID | L20: 작성중
A21: search_history | B21: user_id | C21: BIGINT | E21: N | G21: N | H21: users.id | I21: Y | J21: 사용자 FK | K21: API-010 | L21: 작성중
A22: search_history | B22: keyword | C22: VARCHAR | D22: 200 | E22: N | G22: N | I22: Y | J22: 검색 키워드 | K22: API-010 | L22: 작성중
A23: search_history | B23: searched_at | C23: DATETIME | E23: N | F23: CURRENT_TIMESTAMP | G23: N | I23: Y | J23: 검색 일시 | L23: 작성중

Sheet QA테스트케이스
A1: TC-ID | B1: 플랫폼 | C1: 테스트 영역 | D1: 하위 영역 | E1: 테스트 유형 | F1: 테스트 시나리오 | G1: 사전 조건 | H1: 테스트 절차 | I1: 기대 결과 | J1: 실제 결과 | K1: 테스트 상태 | L1: 우선순위 | M1: 심각도 | N1: 담당자 | O1: 테스트 환경 | P1: 브라우저/앱 | Q1: 디바이스 | R1: OS | S1: 테스트 사이클 | T1: 자동화 여부 | U1: 화면 ID | V1: 기능 ID | W1: API ID | X1: 버그 티켓 | Y1: 스크린샷 | Z1: [자동] 화면명 | AA1: [자동] 기능명 | AB1: [자동] API 엔드포인트 | AC1: 비고
A2: TC-001 | B2: Web | C2: 회원가입 | D2: 이메일 가입 | E2: 기능 테스트 | F2: 유효한 이메일로 회원가입 성공 | G2: 비회원 상태 | H2: 1. /signup 페이지 이동 2. 이메일 입력 3. 비밀번호 입력 (8자 이상, 영문+숫자+특수문자) 4. 비밀번호 확인 입력 5. 약관 전체 동의 6. 가입하기 클릭 | I2: 가입 완료 메시지, 인증 이메일 수신 | K2: 미실행 | L2: Critical | M2: Critical | N2: QA담당자1 | O2: Staging | P2: Chrome | Q2: Desktop | R2: Windows 11 | S2: 1차 | T2: 수동 | U2: SCR-010 | V2: FN-001 | W2: API-001
A3: TC-002 | B3: App (iOS) | C3: 회원가입 | D3: 소셜 로그인 | E3: 기능 테스트 | F3: Apple ID로 소셜 로그인 성공 | G3: Apple ID 보유, 앱 설치 | H3: 1. 앱 실행 2. 'Apple로 로그인' 탭 3. Apple ID 인증 4. 권한 허용 | I3: 로그인 성공, 메인 화면 이동 | K3: 미실행 | L3: Critical | M3: Critical | N3: QA담당자1 | O3: Staging | P3: 인앱브라우저 | Q3: iPhone 15 | R3: iOS 17 | S3: 1차 | T3: 수동 | U3: SCR-010 | V3: FN-002 | W3: API-002
A4: TC-003 | B4: App (Android) | C4: 회원가입 | D4: 소셜 로그인 | E4: 기능 테스트 | F4: Google 계정 로그인 성공 | G4: Google 계정 보유, 앱 설치 | H4: 1. 앱 실행 2. 'Google로 로그인' 탭 3. 계정 선택 4. 권한 허용 | I4: 로그인 성공, 메인 화면 이동 | K4: 미실행 | L4: Critical | M4: Critical | N4: QA담당자2 | O4: Staging | P4: 인앱브라우저 | Q4: Galaxy S24 | R4: Android 14 | S4: 1차 | T4: 수동 | U4: SCR-010 | V4: FN-002 | W4: API-002
A5: TC-004 | B5: Web | C5: 로그인 | D5: 이메일 로그인 | E5: 기능 테스트 | F5: 올바른 이메일/PW로 로그인 성공 | G5: 가입 완료된 계정 | H5: 1. /login 접근 2. 이메일 입력 3. 비밀번호 입력 4. 로그인 클릭 | I5: 로그인 성공, 메인 화면 이동, 토큰 발급 | K5: 미실행 | L5: Critical | M5: Critical | N5: QA담당자1 | O5: Staging | P5: Chrome | Q5: Desktop | R5: Windows 11 | S5: 1차 | T5: 수동 | U5: SCR-011 | V5: FN-003 | W5: API-003
A6: TC-005 | B6: Web | C6: 로그인 | D6: 5회 실패 잠금 | E6: 기능 테스트 | F6: 5회 연속 비밀번호 오류 시 계정 잠금 | G6: 가입 완료된 계정 | H6: 1. /login 접근 2. 올바른 이메일 입력 3. 틀린 비밀번호로 5회 시도 4. 잠금 메시지 확인 | I6: 5회째 실패 후 '계정이 잠겼습니다' 메시지, 30분 잠금 | K6: 미실행 | L6: High | M6: Major | N6: QA담당자1 | O6: Staging | P6: Chrome | Q6: Desktop | R6: Windows 11 | S6: 1차 | T6: 수동 | U6: SCR-011 | V6: FN-003 | W6: API-003
A7: TC-006 | B7: 공통 | C7: 검색 | D7: 키워드 검색 | E7: 기능 테스트 | F7: 키워드 검색 결과 정확성 | G7: 검색 가능 데이터 존재 | H7: 1. 검색창 클릭 2. '테스트' 입력 3. 검색 실행 4. 결과 확인 | I7: 키워드 포함 결과만 표시, 하이라이트, 건수 표시 | K7: 미실행 | L7: High | M7: Major | N7: QA담당자1 | O7: Staging | P7: Chrome | Q7: Desktop | R7: Windows 11 | S7: 1차 | T7: 자동화 예정 | U7: SCR-022 | V7: FN-004 | W7: API-010
A8: TC-007 | B8: App (iOS) | C8: 마이페이지 | D8: 프로필 이미지 변경 | E8: 기능 테스트 | F8: 프로필 이미지 변경 성공 (iOS) | G8: 로그인 완료 | H8: 1. 마이페이지 탭 2. 프로필 이미지 탭 3. 갤러리에서 이미지 선택 (5MB 이하) 4. 크롭 후 저장 | I8: 이미지 변경 완료, 즉시 반영 | K8: 미실행 | L8: Medium | M8: Minor | N8: QA담당자2 | O8: Staging | P8: 인앱브라우저 | Q8: iPhone 15 | R8: iOS 17 | S8: 1차 | T8: 수동 | U8: SCR-030 | V8: FN-005 | W8: API-020
A9: TC-008 | B9: Web | C9: 메인 화면 | D9: 배너 슬라이드 | E9: UI/UX 테스트 | F9: 메인 배너 자동/수동 전환 | G9: 로그인 후 메인 접근 | H9: 1. 메인 페이지 접근 2. 배너 자동 전환 확인 (3초) 3. 화살표로 수동 전환 4. 인디케이터 동작 확인 | I9: 자동/수동 전환 정상, 현재 위치 표시 | K9: 미실행 | L9: Medium | M9: Minor | N9: QA담당자2 | O9: Staging | P9: Chrome | Q9: Desktop | R9: macOS | S9: 1차 | T9: 수동 | U9: SCR-001
A10: TC-009 | B10: 공통 | C10: API | D10: 토큰 만료 | E10: API 테스트 | F10: 만료 토큰으로 401 반환 확인 | G10: 만료된 JWT 토큰 | H10: 1. 만료 Access Token 준비 2. 보호 API 호출 3. 응답 확인 | I10: HTTP 401 반환, 토큰 만료 안내 | K10: 미실행 | L10: Critical | M10: Blocker | N10: QA담당자1 | O10: Staging | P10: Chrome | Q10: Desktop | R10: Windows 11 | S10: 1차 | T10: 자동화 완료 | W10: API-003
A11: TC-010 | B11: Web | C11: 성능 | D11: 페이지 로딩 | E11: 성능 테스트 | F11: 메인 페이지 로딩 3초 이내 | G11: Staging 환경 | H11: 1. 캐시 초기화 2. 메인 접근 3. DevTools Performance 4. LCP/FCP/TTI 기록 | I11: LCP < 2.5초, FCP < 1.8초, TTI < 3초 | K11: 미실행 | L11: High | M11: Major | N11: QA담당자1 | O11: Staging | P11: Chrome | Q11: Desktop | R11: Windows 11 | S11: 1차 | T11: 자동화 예정 | U11: SCR-001
Z12: =IFERROR(VLOOKUP(U12,'IA(정보구조)'!D:E,2,FALSE()),"") | AA12: =IFERROR(VLOOKUP(V12,기능명세서!A:B,2,FALSE()),"") | AB12: =IFERROR(VLOOKUP(W12,API명세서!A:D,4,FALSE()),"")
Z13: =IFERROR(VLOOKUP(U13,'IA(정보구조)'!D:E,2,FALSE()),"") | AA13: =IFERROR(VLOOKUP(V13,기능명세서!A:B,2,FALSE()),"") | AB13: =IFERROR(VLOOKUP(W13,API명세서!A:D,4,FALSE()),"")
Z14: =IFERROR(VLOOKUP(U14,'IA(정보구조)'!D:E,2,FALSE()),"") | AA14: =IFERROR(VLOOKUP(V14,기능명세서!A:B,2,FALSE()),"") | AB14: =IFERROR(VLOOKUP(W14,API명세서!A:D,4,FALSE()),"")
Z15: =IFERROR(VLOOKUP(U15,'IA(정보구조)'!D:E,2,FALSE()),"") | AA15: =IFERROR(VLOOKUP(V15,기능명세서!A:B,2,FALSE()),"") | AB15: =IFERROR(VLOOKUP(W15,API명세서!A:D,4,FALSE()),"")
Z16: =IFERROR(VLOOKUP(U16,'IA(정보구조)'!D:E,2,FALSE()),"") | AA16: =IFERROR(VLOOKUP(V16,기능명세서!A:B,2,FALSE()),"") | AB16: =IFERROR(VLOOKUP(W16,API명세서!A:D,4,FALSE()),"")
Z17: =IFERROR(VLOOKUP(U17,'IA(정보구조)'!D:E,2,FALSE()),"") | AA17: =IFERROR(VLOOKUP(V17,기능명세서!A:B,2,FALSE()),"") | AB17: =IFERROR(VLOOKUP(W17,API명세서!A:D,4,FALSE()),"")
Z18: =IFERROR(VLOOKUP(U18,'IA(정보구조)'!D:E,2,FALSE()),"") | AA18: =IFERROR(VLOOKUP(V18,기능명세서!A:B,2,FALSE()),"") | AB18: =IFERROR(VLOOKUP(W18,API명세서!A:D,4,FALSE()),"")
Z19: =IFERROR(VLOOKUP(U19,'IA(정보구조)'!D:E,2,FALSE()),"") | AA19: =IFERROR(VLOOKUP(V19,기능명세서!A:B,2,FALSE()),"") | AB19: =IFERROR(VLOOKUP(W19,API명세서!A:D,4,FALSE()),"")
Z20: =IFERROR(VLOOKUP(U20,'IA(정보구조)'!D:E,2,FALSE()),"") | AA20: =IFERROR(VLOOKUP(V20,기능명세서!A:B,2,FALSE()),"") | AB20: =IFERROR(VLOOKUP(W20,API명세서!A:D,4,FALSE()),"")
Z21: =IFERROR(VLOOKUP(U21,'IA(정보구조)'!D:E,2,FALSE()),"") | AA21: =IFERROR(VLOOKUP(V21,기능명세서!A:B,2,FALSE()),"") | AB21: =IFERROR(VLOOKUP(W21,API명세서!A:D,4,FALSE()),"")
Z22: =IFERROR(VLOOKUP(U22,'IA(정보구조)'!D:E,2,FALSE()),"") | AA22: =IFERROR(VLOOKUP(V22,기능명세서!A:B,2,FALSE()),"") | AB22: =IFERROR(VLOOKUP(W22,API명세서!A:D,4,FALSE()),"")
Z23: =IFERROR(VLOOKUP(U23,'IA(정보구조)'!D:E,2,FALSE()),"") | AA23: =IFERROR(VLOOKUP(V23,기능명세서!A:B,2,FALSE()),"") | AB23: =IFERROR(VLOOKUP(W23,API명세서!A:D,4,FALSE()),"")
... Z200: =IFERROR(VLOOKUP(U200,'IA(정보구조)'!D:E,2,FALSE()),"") | AA200: =IFERROR(VLOOKUP(V200,기능명세서!A:B,2,FALSE()),"") | AB200: =IFERROR(VLOOKUP(W200,API명세서!A:D,4,FALSE()),"")

Sheet 대시보드
A1: 기획 문서 종합 대시보드
A3: 문서 작성 현황
A4: 시트 | B4: 전체 항목 | C4: 확정 | D4: 작성중
A5: IA(정보구조) | B5: =COUNTA('IA(정보구조)'!A2:A200) -> 12 | C5: =COUNTIF('IA(정보구조)'!K2:K200,"확정") -> 4 | D5: =COUNTIF('IA(정보구조)'!K2:K200,"작성중") -> 8
A6: 화면설계서 | B6: =COUNTA(화면설계서!A2:A200) -> 5 | C6: =COUNTIF(화면설계서!Q2:Q200,"확정") -> 3 | D6: =COUNTIF(화면설계서!Q2:Q200,"작성중") -> 2
A7: 기능명세서 | B7: =COUNTA(기능명세서!A2:A200) -> 9 | C7: =COUNTIF(기능명세서!P2:P200,"확정") -> 3 | D7: =COUNTIF(기능명세서!P2:P200,"작성중") -> 2
A8: API명세서 | B8: =COUNTA(API명세서!A2:A200) -> 5 | C8: =COUNTIF(API명세서!M2:M200,"개발완료") -> 3 | D8: =COUNTIF(API명세서!M2:M200,"설계중") -> 1
A9: 데이터 정의서 | B9: =COUNTA('데이터 정의서'!A2:A200) -> 20 | C9: =COUNTIF('데이터 정의서'!L2:L200,"확정") -> 16 | D9: =COUNTIF('데이터 정의서'!L2:L200,"작성중") -> 4
A12: QA 테스트 현황
A13: 전체 TC 수 | B13: =COUNTA(QA테스트케이스!A2:A200) -> 10
A14: Pass | B14: =COUNTIF(QA테스트케이스!K2:K200,"Pass") -> 0
A15: Fail | B15: =COUNTIF(QA테스트케이스!K2:K200,"Fail") -> 0
A16: Block | B16: =COUNTIF(QA테스트케이스!K2:K200,"Block") -> 0
A17: 미실행 | B17: =COUNTIF(QA테스트케이스!K2:K200,"미실행") -> 10
A18: Pass Rate (%) | B18: =IF(B14>0,B14/(B14+B15+B16)*100,0) -> 0
A21: 플랫폼별 QA 현황
A22: 플랫폼 | B22: 총 TC | C22: Pass | D22: Fail
A23: Web | B23: =COUNTIF(QA테스트케이스!B2:B200,"Web") -> 5 | C23: =COUNTIFS(QA테스트케이스!B2:B200,"Web",QA테스트케이스!K2:K200,"Pass") -> 0 | D23: =COUNTIFS(QA테스트케이스!B2:B200,"Web",QA테스트케이스!K2:K200,"Fail") -> 0
A24: App (iOS) | B24: =COUNTIF(QA테스트케이스!B2:B200,"App (iOS)") -> 2 | C24: =COUNTIFS(QA테스트케이스!B2:B200,"App (iOS)",QA테스트케이스!K2:K200,"Pass") -> 0 | D24: =COUNTIFS(QA테스트케이스!B2:B200,"App (iOS)",QA테스트케이스!K2:K200,"Fail") -> 0
A25: App (Android) | B25: =COUNTIF(QA테스트케이스!B2:B200,"App (Android)") -> 1 | C25: =COUNTIFS(QA테스트케이스!B2:B200,"App (Android)",QA테스트케이스!K2:K200,"Pass") -> 0 | D25: =COUNTIFS(QA테스트케이스!B2:B200,"App (Android)",QA테스트케이스!K2:K200,"Fail") -> 0
A26: 공통 | B26: =COUNTIF(QA테스트케이스!B2:B200,"공통") -> 2 | C26: =COUNTIFS(QA테스트케이스!B2:B200,"공통",QA테스트케이스!K2:K200,"Pass") -> 0 | D26: =COUNTIFS(QA테스트케이스!B2:B200,"공통",QA테스트케이스!K2:K200,"Fail") -> 0
A29: 사용자 스토리 현황
A30: Backlog | B30: =COUNTIF('사용자 스토리'!J2:J200,"Backlog") -> 2
A31: To Do | B31: =COUNTIF('사용자 스토리'!J2:J200,"To Do") -> 1
A32: In Progress | B32: =COUNTIF('사용자 스토리'!J2:J200,"In Progress") -> 1
A33: In Review | B33: =COUNTIF('사용자 스토리'!J2:J200,"In Review") -> 0
A34: Done | B34: =COUNTIF('사용자 스토리'!J2:J200,"Done") -> 2
A36: UI 요소 현황
A37: 전체 UI 요소 수 | B37: =COUNTA('UI 요소 상세'!A2:A500) -> 29
A38: 완료 | B38: =COUNTIF('UI 요소 상세'!N2:N500,"완료") -> 15
A39: 설계중 | B39: =COUNTIF('UI 요소 상세'!N2:N500,"설계중") -> 9
A40: 개발중 | B40: =COUNTIF('UI 요소 상세'!N2:N500,"개발중") -> 0
