Workbook

Sheet 25년 12월 1주차 강습 주간보고
B2: 강습 주간 업무 보고 12월 1일(월) ~ 12월 6일(토) (1주차)
N3: 지점장 :
C4: 강습 | D4: 월별 총 OT | E4: O.T 배정 | F4: O.T 1 | G4: O.T 2 | H4: VIP | I4: 총 합 | J4: 주간신규 | K4: 주간재등록 | L4: 주간VIP | M4: 주간회원소개 | N4: 개인누적매출 | O4: 수업수
B6: A팀
C7: 0 | H7: 0 | I7: 0 | L7: 0 | N7: =J7+K7+L7 -> 0 | S7: ※ 참고 ※
C8: 0 | H8: 0 | I8: 0 | L8: 0 | N8: =J8+K8+L8 -> 0 | S8: * 월별 총 OT : 트레이너 당 총 OT 수 ( 배정 * 2 )
C9: 0 | H9: 0 | I9: 0 | L9: 0 | N9: =J9+K9+L9 -> 0 | S9: * OT 배정 : 월 별 트레이너 당 배정 회원 수
C10: 0 | H10: 0 | I10: 0 | L10: 0 | N10: =J10+K10+L10 -> 0 | S10: * OT1, OT2 : 트레이너 당 해당 주에 완료된 OT 수
C11: 0 | H11: 0 | I11: 0 | L11: 0 | N11: =J11+K11+L11 -> 0
B12: 팀합계 | C12: =SUM(C7:C11) -> 0 | D12: =SUM(D7:D11) -> 0 | E12: =SUM(E7:E11) -> 0 | F12: =SUM(F7:F11) -> 0 | G12: =SUM(G7:G11) -> 0 | H12: =SUM(H7:H11) -> 0 | I12: =SUM(I7:I11) -> 0 | J12: =SUM(J7:J11) -> 0 | ... O12: =SUM(O7:O11) -> 0
B13: B팀
C14: 0 | H14: 0 | I14: 0 | L14: 0 | N14: =J14+K14+L14 -> 0
C15: 0 | H15: 0 | I15: 0 | L15: 0 | N15: =J15+K15+L15 -> 0
C16: 0 | H16: 0 | I16: 0 | L16: 0 | N16: =J16+K16+L16 -> 0
C17: 0 | H17: 0 | I17: 0 | L17: 0 | N17: =J17+K17+L17 -> 0
C18: 0 | H18: 0 | I18: 0 | L18: 0 | N18: =J18+K18+L18 -> 0
B19: 팀합계 | C19: =SUM(C14:C18) -> 0 | D19: =SUM(D14:D18) -> 0 | E19: =SUM(E14:E18) -> 0 | F19: =SUM(F14:F18) -> 0 | G19: =SUM(G14:G18) -> 0 | H19: =SUM(H14:H18) -> 0 | I19: =SUM(I14:I18) -> 0 | J19: =SUM(J14:J18) -> 0 | ... O19: =SUM(O14:O18) -> 0
B20: C팀
C21: 0 | H21: 0 | I21: 0 | L21: 0 | N21: =J21+K21+L21 -> 0
C22: 0 | H22: 0 | I22: 0 | L22: 0 | N22: =J22+K22+L22 -> 0
C23: 0 | H23: 0 | I23: 0 | L23: 0 | N23: =J23+K23+L23 -> 0
C24: 0 | H24: 0 | I24: 0 | L24: 0 | N24: =J24+K24+L24 -> 0
C25: 0 | H25: 0 | I25: 0 | L25: 0 | N25: =J25+K25+L25 -> 0
B26: 팀합계 | C26: =SUM(C21:C25) -> 0 | D26: =SUM(D21:D25) -> 0 | E26: =SUM(E21:E25) -> 0 | F26: =SUM(F21:F25) -> 0 | G26: =SUM(G21:G25) -> 0 | H26: =SUM(H21:H25) -> 0 | I26: =SUM(I21:I25) -> 0 | J26: =SUM(J21:J25) -> 0 | ... O26: =SUM(O21:O25) -> 0
B27: D팀
C28: 0 | H28: 0 | I28: 0 | L28: 0 | N28: =J28+K28+L28 -> 0
C29: 0 | H29: 0 | I29: 0 | L29: 0 | N29: =J29+K29+L29 -> 0
C30: 0 | H30: 0 | I30: 0 | L30: 0 | N30: =J30+K30+L30 -> 0
C31: 0 | H31: 0 | I31: 0 | L31: 0 | N31: =J31+K31+L31 -> 0
C32: 0 | H32: 0 | I32: 0 | L32: 0 | N32: =J32+K32+L32 -> 0
B33: 팀합계 | C33: =SUM(C28:C32) -> 0 | D33: =SUM(D28:D32) -> 0 | E33: =SUM(E28:E32) -> 0 | F33: =SUM(F28:F32) -> 0 | G33: =SUM(G28:G32) -> 0 | H33: =SUM(H28:H32) -> 0 | I33: =SUM(I28:I32) -> 0 | J33: =SUM(J28:J32) -> 0 | ... O33: =SUM(O28:O32) -> 0
B34: 총합계 | C34: =SUM(C26,C33,C19, C12) -> 0 | D34: =D19+D26+D33+D12 -> 0 | E34: =E19+E26+E33+E12 -> 0 | F34: =F19+F26+F33+F12 -> 0 | G34: =G19+G26+G33+G12 -> 0 | H34: =SUM(H26,H33,H19,H12) -> 0 | I34: =SUM(I26,I33,I19,I12) -> 0 | J34: =J19+J26+J33+J12 -> 0 | K34: =K19+K26+K33+K12 -> 0 | L34: =L19+L26+L33+L12 -> 0 | M34: =M19+M26+M33+M12 -> 0 | N34: =N19+N26+N33+N12 -> 0 | O34: =SUM(O26,O33,O19,O12) -> 0
E36: A팀 | G36: B팀 | I36: C팀 | K36: D팀 | O36: A팀 | P36: B팀 | Q36: C팀 | R36: D팀
B37: 지난주 목표매출 | L37: 월 팀별 목표매출
B38: 지난주 매출 | E38: 0 | G38: 0 | I38: 0 | K38: 0 | L38: 남은 매출 | O38: =SUM(O37-O39) -> 0 | P38: =SUM(P37-P39) -> 0 | Q38: =SUM(Q37-Q39) -> 0 | R38: =SUM(R37-R39) -> 0
B39: 이번주 목표매출 | L39: 이번달 누적 매출 | O39: =N12 -> 0 | P39: =N19 -> 0 | Q39: =SUM(N26) -> 0 | R39: =SUM(O26) -> 0
B40: 주간목표 매출 달성률 | E40: =E38/E37 -> #DIV/0! | G40: =G38/G37 -> #DIV/0! | I40: =I38/I37 -> #DIV/0! | K40: =K38/K37 -> #DIV/0! | L40: 월목표매출 달성률 | O40: =O39/O37 -> #DIV/0! | P40: =P39/P37 -> #DIV/0! | Q40: =Q39/Q37 -> #DIV/0! | R40: =R39/R37 -> #DIV/0!

Sheet 25년 12월 2주차 강습 주간보고
B2: 강습 주간 업무 보고 12월 7일(일) ~ 12월 13일(토) (2주차)
N3: 지점장 :
C4: 강습 | D4: 월별 총 OT | E4: O.T 배정 | F4: O.T 1 | G4: O.T 2 | H4: VIP | I4: 총 합 | J4: 주간신규 | K4: 주간재등록 | L4: 주간VIP | M4: 주간회원소개 | N4: 개인누적매출 | O4: 수업수
B6: A팀
C7: 0 | H7: 0 | I7: 0 | L7: 0 | N7: ='25년 12월 1주차 강습 주간보고'!N7+J7+K7+L7 -> 0 | S7: ※ 참고 ※
C8: 0 | H8: 0 | I8: 0 | L8: 0 | N8: ='25년 12월 1주차 강습 주간보고'!N8+J8+K8+L8 -> 0 | S8: * 월별 총 OT : 트레이너 당 총 OT 수 ( 배정 * 2 )
C9: 0 | H9: 0 | I9: 0 | L9: 0 | N9: ='25년 12월 1주차 강습 주간보고'!N9+J9+K9+L9 -> 0 | S9: * OT 배정 : 월 별 트레이너 당 배정 회원 수
C10: 0 | H10: 0 | I10: 0 | L10: 0 | N10: ='25년 12월 1주차 강습 주간보고'!N10+J10+K10+L10 -> 0 | S10: * OT1, OT2 : 트레이너 당 해당 주에 완료된 OT 수
C11: 0 | H11: 0 | I11: 0 | L11: 0 | N11: ='25년 12월 1주차 강습 주간보고'!N11+J11+K11+L11 -> 0
B12: 팀합계 | C12: =SUM(C7:C11) -> 0 | D12: =SUM(D7:D11) -> 0 | E12: =SUM(E7:E11) -> 0 | F12: =SUM(F7:F11) -> 0 | G12: =SUM(G7:G11) -> 0 | H12: =SUM(H7:H11) -> 0 | I12: =SUM(I7:I11) -> 0 | J12: =SUM(J7:J11) -> 0 | ... O12: =SUM(O7:O11) -> 0
B13: B팀
C14: 0 | H14: 0 | I14: 0 | L14: 0 | N14: ='25년 12월 1주차 강습 주간보고'!N14+J14+K14+L14 -> 0
C15: 0 | H15: 0 | I15: 0 | L15: 0 | N15: ='25년 12월 1주차 강습 주간보고'!N15+J15+K15+L15 -> 0
C16: 0 | H16: 0 | I16: 0 | L16: 0 | N16: ='25년 12월 1주차 강습 주간보고'!N16+J16+K16+L16 -> 0
C17: 0 | H17: 0 | I17: 0 | L17: 0 | N17: ='25년 12월 1주차 강습 주간보고'!N17+J17+K17+L17 -> 0
C18: 0 | H18: 0 | I18: 0 | L18: 0 | N18: ='25년 12월 1주차 강습 주간보고'!N18+J18+K18+L18 -> 0
B19: 팀합계 | C19: =SUM(C14:C18) -> 0 | D19: =SUM(D14:D18) -> 0 | E19: =SUM(E14:E18) -> 0 | F19: =SUM(F14:F18) -> 0 | G19: =SUM(G14:G18) -> 0 | H19: =SUM(H14:H18) -> 0 | I19: =SUM(I14:I18) -> 0 | J19: =SUM(J14:J18) -> 0 | ... O19: =SUM(O14:O18) -> 0
B20: C팀
C21: 0 | H21: 0 | I21: 0 | L21: 0 | N21: ='25년 12월 1주차 강습 주간보고'!N21+J21+K21+L21 -> 0
C22: 0 | H22: 0 | I22: 0 | L22: 0 | N22: ='25년 12월 1주차 강습 주간보고'!N22+J22+K22+L22 -> 0
C23: 0 | H23: 0 | I23: 0 | L23: 0 | N23: ='25년 12월 1주차 강습 주간보고'!N23+J23+K23+L23 -> 0
C24: 0 | H24: 0 | I24: 0 | L24: 0 | N24: ='25년 12월 1주차 강습 주간보고'!N24+J24+K24+L24 -> 0
C25: 0 | H25: 0 | I25: 0 | L25: 0 | N25: ='25년 12월 1주차 강습 주간보고'!N25+J25+K25+L25 -> 0
B26: 팀합계 | C26: =SUM(C21:C25) -> 0 | D26: =SUM(D21:D25) -> 0 | E26: =SUM(E21:E25) -> 0 | F26: =SUM(F21:F25) -> 0 | G26: =SUM(G21:G25) -> 0 | H26: =SUM(H21:H25) -> 0 | I26: =SUM(C26,F26,G26,H26) -> 0 | J26: =SUM(J21:J25) -> 0 | K26: =SUM(K21:K25) -> 0 | L26: =SUM(L21:L25) -> 0 | M26: =SUM(M21:M25) -> 0 | N26: =SUM(N21:N25) -> 0 | O26: =SUM(O21:O25) -> 0
B27: D팀
C28: 0 | H28: 0 | I28: 0 | L28: 0 | N28: ='25년 12월 1주차 강습 주간보고'!N28+J28+K28+L28 -> 0
C29: 0 | H29: 0 | I29: 0 | L29: 0 | N29: ='25년 12월 1주차 강습 주간보고'!N29+J29+K29+L29 -> 0
C30: 0 | H30: 0 | I30: 0 | L30: 0 | N30: ='25년 12월 1주차 강습 주간보고'!N30+J30+K30+L30 -> 0
C31: 0 | H31: 0 | I31: 0 | L31: 0 | N31: ='25년 12월 1주차 강습 주간보고'!N31+J31+K31+L31 -> 0
C32: 0 | H32: 0 | I32: 0 | L32: 0 | N32: ='25년 12월 1주차 강습 주간보고'!N32+J32+K32+L32 -> 0
B33: 팀합계 | C33: =SUM(C28:C32) -> 0 | D33: =SUM(D28:D32) -> 0 | E33: =SUM(E28:E32) -> 0 | F33: =SUM(F28:F32) -> 0 | G33: =SUM(G28:G32) -> 0 | H33: =SUM(H28:H32) -> 0 | I33: =SUM(C33,F33,G33,H33) -> 0 | J33: =SUM(J28:J32) -> 0 | K33: =SUM(K28:K32) -> 0 | L33: =SUM(L28:L32) -> 0 | M33: =SUM(M28:M32) -> 0 | N33: =SUM(N28:N32) -> 0 | O33: =SUM(O28:O32) -> 0
B34: 총합계 | C34: =SUM(C26,C33,C19, C12) -> 0 | D34: =D19+D26+D33+D12 -> 0 | E34: =E19+E26+E33+E12 -> 0 | F34: =F19+F26+F33+F12 -> 0 | G34: =G19+G26+G33+G12 -> 0 | H34: =SUM(H26,H33,H19,H12) -> 0 | I34: =SUM(I26,I33,I19,I12) -> 0 | J34: =J19+J26+J33+J12 -> 0 | K34: =K19+K26+K33+K12 -> 0 | L34: =L19+L26+L33+L12 -> 0 | M34: =M19+M26+M33+M12 -> 0 | N34: =N19+N26+N33+N12 -> 0 | O34: =SUM(O26,O33,O19,O12) -> 0
E36: A팀 | G36: B팀 | I36: C팀 | K36: D팀 | O36: A팀 | P36: B팀 | Q36: C팀 | R36: D팀
B37: 지난주 목표매출 | L37: 월 팀별 목표매출
B38: 지난주 매출 | E38: 0 | G38: 0 | I38: 0 | K38: 0 | L38: 남은 매출 | O38: =SUM(O37-O39) -> 0 | P38: =SUM(P37-P39) -> 0 | Q38: =SUM(Q37-Q39) -> 0 | R38: =SUM(R37-R39) -> 0
B39: 이번주 목표매출 | L39: 이번달 누적 매출 | O39: =N12 -> 0 | P39: =N19 -> 0 | Q39: =SUM(N26) -> 0 | R39: =SUM(O26) -> 0
B40: 주간목표 매출 달성률 | E40: =E38/E37 -> #DIV/0! | G40: =G38/G37 -> #DIV/0! | I40: =I38/I37 -> #DIV/0! | K40: =K38/K37 -> #DIV/0! | L40: 월목표매출 달성률 | O40: =O39/O37 -> #DIV/0! | P40: =P39/P37 -> #DIV/0! | Q40: =Q39/Q37 -> #DIV/0! | R40: =R39/R37 -> #DIV/0!

Sheet 25년 12월 3주차 강습 주간보고
B2: 강습 주간 업무 보고 12월 14일(일) ~ 12월 20일(토) (3주차)
N3: 지점장 :
C4: 강습 | D4: 월별 총 OT | E4: O.T 배정 | F4: O.T 1 | G4: O.T 2 | H4: VIP | I4: 총 합 | J4: 주간신규 | K4: 주간재등록 | L4: 주간VIP | M4: 주간회원소개 | N4: 개인누적매출 | O4: 수업수
B6: A팀
C7: 0 | H7: 0 | I7: 0 | L7: 0 | N7: ='25년 12월 2주차 강습 주간보고'!N7+J7+K7+L7 -> 0 | S7: ※ 참고 ※
C8: 0 | H8: 0 | I8: 0 | L8: 0 | N8: ='25년 12월 2주차 강습 주간보고'!N8+J8+K8+L8 -> 0 | S8: * 월별 총 OT : 트레이너 당 총 OT 수 ( 배정 * 2 )
C9: 0 | H9: 0 | I9: 0 | L9: 0 | N9: ='25년 12월 2주차 강습 주간보고'!N9+J9+K9+L9 -> 0 | S9: * OT 배정 : 월 별 트레이너 당 배정 회원 수
C10: 0 | H10: 0 | I10: 0 | L10: 0 | N10: ='25년 12월 2주차 강습 주간보고'!N10+J10+K10+L10 -> 0 | S10: * OT1, OT2 : 트레이너 당 해당 주에 완료된 OT 수
C11: 0 | H11: 0 | I11: 0 | L11: 0 | N11: ='25년 12월 2주차 강습 주간보고'!N11+J11+K11+L11 -> 0
B12: 팀합계 | C12: =SUM(C7:C11) -> 0 | D12: =SUM(D7:D11) -> 0 | E12: =SUM(E7:E11) -> 0 | F12: =SUM(F7:F11) -> 0 | G12: =SUM(G7:G11) -> 0 | H12: =SUM(H7:H11) -> 0 | I12: =SUM(I7:I11) -> 0 | J12: =SUM(J7:J11) -> 0 | ... O12: =SUM(O7:O11) -> 0
B13: B팀
C14: 0 | H14: 0 | I14: 0 | L14: 0 | N14: ='25년 12월 2주차 강습 주간보고'!N14+J14+K14+L14 -> 0
C15: 0 | H15: 0 | I15: 0 | L15: 0 | N15: ='25년 12월 2주차 강습 주간보고'!N15+J15+K15+L15 -> 0
C16: 0 | H16: 0 | I16: 0 | L16: 0 | N16: ='25년 12월 2주차 강습 주간보고'!N16+J16+K16+L16 -> 0
C17: 0 | H17: 0 | I17: 0 | L17: 0 | N17: ='25년 12월 2주차 강습 주간보고'!N17+J17+K17+L17 -> 0
C18: 0 | H18: 0 | I18: 0 | L18: 0 | N18: ='25년 12월 2주차 강습 주간보고'!N18+J18+K18+L18 -> 0
B19: 팀합계 | C19: =SUM(C14:C18) -> 0 | D19: =SUM(D14:D18) -> 0 | E19: =SUM(E14:E18) -> 0 | F19: =SUM(F14:F18) -> 0 | G19: =SUM(G14:G18) -> 0 | H19: =SUM(H14:H18) -> 0 | I19: =SUM(I14:I18) -> 0 | J19: =SUM(J14:J18) -> 0 | ... O19: =SUM(O14:O18) -> 0
B20: C팀
C21: 0 | H21: 0 | I21: =SUM(C21,F21,G21,H21) -> 0 | L21: 0 | N21: ='25년 12월 2주차 강습 주간보고'!N21+J21+K21+L21 -> 0
C22: 0 | H22: 0 | I22: =SUM(C22,F22,G22,H22) -> 0 | L22: 0 | N22: ='25년 12월 2주차 강습 주간보고'!N22+J22+K22+L22 -> 0
C23: 0 | H23: 0 | I23: =SUM(C23,F23,G23,H23) -> 0 | L23: 0 | N23: ='25년 12월 2주차 강습 주간보고'!N23+J23+K23+L23 -> 0
C24: 0 | H24: 0 | I24: =SUM(C24,F24,G24,H24) -> 0 | L24: 0 | N24: ='25년 12월 2주차 강습 주간보고'!N24+J24+K24+L24 -> 0
C25: 0 | H25: 0 | I25: =SUM(C25,F25,G25,H25) -> 0 | L25: 0 | N25: ='25년 12월 2주차 강습 주간보고'!N25+J25+K25+L25 -> 0
B26: 팀합계 | C26: =SUM(C21:C25) -> 0 | D26: =SUM(D21:D25) -> 0 | E26: =SUM(E21:E25) -> 0 | F26: =SUM(F21:F25) -> 0 | G26: =SUM(G21:G25) -> 0 | H26: =SUM(H21:H25) -> 0 | I26: =SUM(C26,F26,G26,H26) -> 0 | J26: =SUM(J21:J25) -> 0 | K26: =SUM(K21:K25) -> 0 | L26: =SUM(L21:L25) -> 0 | M26: =SUM(M21:M25) -> 0 | N26: =SUM(N21:N25) -> 0 | O26: =SUM(O21:O25) -> 0
B27: D팀
C28: 0 | H28: 0 | I28: =SUM(C28,F28,G28,H28) -> 0 | L28: 0 | N28: ='25년 12월 2주차 강습 주간보고'!N28+J28+K28+L28 -> 0
C29: 0 | H29: 0 | I29: =SUM(C29,F29,G29,H29) -> 0 | L29: 0 | N29: ='25년 12월 2주차 강습 주간보고'!N29+J29+K29+L29 -> 0
C30: 0 | H30: 0 | I30: =SUM(C30,F30,G30,H30) -> 0 | L30: 0 | N30: ='25년 12월 2주차 강습 주간보고'!N30+J30+K30+L30 -> 0
C31: 0 | H31: 0 | I31: =SUM(C31,F31,G31,H31) -> 0 | L31: 0 | N31: ='25년 12월 2주차 강습 주간보고'!N31+J31+K31+L31 -> 0
C32: 0 | H32: 0 | I32: =SUM(C32,F32,G32,H32) -> 0 | L32: 0 | N32: ='25년 12월 2주차 강습 주간보고'!N32+J32+K32+L32 -> 0
B33: 팀합계 | C33: =SUM(C28:C32) -> 0 | D33: =SUM(D28:D32) -> 0 | E33: =SUM(E28:E32) -> 0 | F33: =SUM(F28:F32) -> 0 | G33: =SUM(G28:G32) -> 0 | H33: =SUM(H28:H32) -> 0 | I33: =SUM(C33,F33,G33,H33) -> 0 | J33: =SUM(J28:J32) -> 0 | K33: =SUM(K28:K32) -> 0 | L33: =SUM(L28:L32) -> 0 | M33: =SUM(M28:M32) -> 0 | N33: =SUM(N28:N32) -> 0 | O33: =SUM(O28:O32) -> 0
B34: 총합계 | C34: =SUM(C26,C33,C19, C12) -> 0 | D34: =D19+D26+D33+D12 -> 0 | E34: =E19+E26+E33+E12 -> 0 | F34: =F19+F26+F33+F12 -> 0 | G34: =G19+G26+G33+G12 -> 0 | H34: =SUM(H26,H33,H19,H12) -> 0 | I34: =SUM(I26,I33,I19,I12) -> 0 | J34: =J19+J26+J33+J12 -> 0 | K34: =K19+K26+K33+K12 -> 0 | L34: =L19+L26+L33+L12 -> 0 | M34: =M19+M26+M33+M12 -> 0 | N34: =N19+N26+N33+N12 -> 0 | O34: =SUM(O26,O33,O19,O12) -> 0
E36: A팀 | G36: B팀 | I36: C팀 | K36: D팀 | O36: A팀 | P36: B팀 | Q36: C팀 | R36: D팀
B37: 지난주 목표매출 | L37: 월 팀별 목표매출
B38: 지난주 매출 | E38: 0 | G38: 0 | I38: 0 | K38: 0 | L38: 남은 매출 | O38: =SUM(O37-O39) -> 0 | P38: =SUM(P37-P39) -> 0 | Q38: =SUM(Q37-Q39) -> 0 | R38: =SUM(R37-R39) -> 0
B39: 이번주 목표매출 | L39: 이번달 누적 매출 | O39: =N12 -> 0 | P39: =N19 -> 0 | Q39: =SUM(N26) -> 0 | R39: =SUM(O26) -> 0
B40: 주간목표 매출 달성률 | E40: =E38/E37 -> #DIV/0! | G40: =G38/G37 -> #DIV/0! | I40: =I38/I37 -> #DIV/0! | K40: =K38/K37 -> #DIV/0! | L40: 월목표매출 달성률 | O40: =O39/O37 -> #DIV/0! | P40: =P39/P37 -> #DIV/0! | Q40: =Q39/Q37 -> #DIV/0! | R40: =R39/R37 -> #DIV/0!

Sheet 25년 12월 4주차 강습 주간보고
B2: 강습 주간 업무 보고 12월 21일(일) ~ 12월 27일(토) (4주차)
N3: 지점장 :
C4: 강습 | D4: 월별 총 OT | E4: O.T 배정 | F4: O.T 1 | G4: O.T 2 | H4: VIP | I4: 총 합 | J4: 주간신규 | K4: 주간재등록 | L4: 주간VIP | M4: 주간회원소개 | N4: 개인누적매출 | O4: 수업수
B6: A팀
C7: 0 | H7: 0 | I7: 0 | L7: 0 | N7: ='25년 12월 3주차 강습 주간보고'!N7+J7+K7+L7 -> 0 | S7: ※ 참고 ※
C8: 0 | H8: 0 | I8: 0 | L8: 0 | N8: ='25년 12월 3주차 강습 주간보고'!N8+J8+K8+L8 -> 0 | S8: * 월별 총 OT : 트레이너 당 총 OT 수 ( 배정 * 2 )
C9: 0 | H9: 0 | I9: 0 | L9: 0 | N9: ='25년 12월 3주차 강습 주간보고'!N9+J9+K9+L9 -> 0 | S9: * OT 배정 : 월 별 트레이너 당 배정 회원 수
C10: 0 | H10: 0 | I10: 0 | L10: 0 | N10: ='25년 12월 3주차 강습 주간보고'!N10+J10+K10+L10 -> 0 | S10: * OT1, OT2 : 트레이너 당 해당 주에 완료된 OT 수
C11: 0 | H11: 0 | I11: 0 | L11: 0 | N11: ='25년 12월 3주차 강습 주간보고'!N11+J11+K11+L11 -> 0
B12: 팀합계 | C12: =SUM(C7:C11) -> 0 | D12: =SUM(D7:D11) -> 0 | E12: =SUM(E7:E11) -> 0 | F12: =SUM(F7:F11) -> 0 | G12: =SUM(G7:G11) -> 0 | H12: =SUM(H7:H11) -> 0 | I12: =SUM(I7:I11) -> 0 | J12: =SUM(J7:J11) -> 0 | ... O12: =SUM(O7:O11) -> 0
B13: B팀
C14: 0 | H14: 0 | I14: 0 | L14: 0 | N14: ='25년 12월 3주차 강습 주간보고'!N14+J14+K14+L14 -> 0
C15: 0 | H15: 0 | I15: 0 | L15: 0 | N15: ='25년 12월 3주차 강습 주간보고'!N15+J15+K15+L15 -> 0
C16: 0 | H16: 0 | I16: 0 | L16: 0 | N16: ='25년 12월 3주차 강습 주간보고'!N16+J16+K16+L16 -> 0
C17: 0 | H17: 0 | I17: 0 | L17: 0 | N17: ='25년 12월 3주차 강습 주간보고'!N17+J17+K17+L17 -> 0
C18: 0 | H18: 0 | I18: 0 | L18: 0 | N18: ='25년 12월 3주차 강습 주간보고'!N18+J18+K18+L18 -> 0
B19: 팀합계 | C19: =SUM(C14:C18) -> 0 | D19: =SUM(D14:D18) -> 0 | E19: =SUM(E14:E18) -> 0 | F19: =SUM(F14:F18) -> 0 | G19: =SUM(G14:G18) -> 0 | H19: =SUM(H14:H18) -> 0 | I19: =SUM(I14:I18) -> 0 | J19: =SUM(J14:J18) -> 0 | ... O19: =SUM(O14:O18) -> 0
B20: C팀
C21: 0 | H21: 0 | I21: =SUM(C21,F21,G21,H21) -> 0 | L21: 0 | N21: ='25년 12월 3주차 강습 주간보고'!N21+J21+K21+L21 -> 0
C22: 0 | H22: 0 | I22: =SUM(C22,F22,G22,H22) -> 0 | L22: 0 | N22: ='25년 12월 3주차 강습 주간보고'!N22+J22+K22+L22 -> 0
C23: 0 | H23: 0 | I23: =SUM(C23,F23,G23,H23) -> 0 | L23: 0 | N23: ='25년 12월 3주차 강습 주간보고'!N23+J23+K23+L23 -> 0
C24: 0 | H24: 0 | I24: =SUM(C24,F24,G24,H24) -> 0 | L24: 0 | N24: ='25년 12월 3주차 강습 주간보고'!N24+J24+K24+L24 -> 0
C25: 0 | H25: 0 | I25: =SUM(C25,F25,G25,H25) -> 0 | L25: 0 | N25: ='25년 12월 3주차 강습 주간보고'!N25+J25+K25+L25 -> 0
B26: 팀합계 | C26: =SUM(C21:C25) -> 0 | D26: =SUM(D21:D25) -> 0 | E26: =SUM(E21:E25) -> 0 | F26: =SUM(F21:F25) -> 0 | G26: =SUM(G21:G25) -> 0 | H26: =SUM(H21:H25) -> 0 | I26: =SUM(C26,F26,G26,H26) -> 0 | J26: =SUM(J21:J25) -> 0 | K26: =SUM(K21:K25) -> 0 | L26: =SUM(L21:L25) -> 0 | M26: =SUM(M21:M25) -> 0 | N26: =SUM(N21:N25) -> 0 | O26: =SUM(O21:O25) -> 0
B27: D팀
C28: 0 | H28: 0 | I28: =SUM(C28,F28,G28,H28) -> 0 | L28: 0 | N28: ='25년 12월 3주차 강습 주간보고'!N28+J28+K28+L28 -> 0
C29: 0 | H29: 0 | I29: =SUM(C29,F29,G29,H29) -> 0 | L29: 0 | N29: ='25년 12월 3주차 강습 주간보고'!N29+J29+K29+L29 -> 0
C30: 0 | H30: 0 | I30: =SUM(C30,F30,G30,H30) -> 0 | L30: 0 | N30: ='25년 12월 3주차 강습 주간보고'!N30+J30+K30+L30 -> 0
C31: 0 | H31: 0 | I31: =SUM(C31,F31,G31,H31) -> 0 | L31: 0 | N31: ='25년 12월 3주차 강습 주간보고'!N31+J31+K31+L31 -> 0
C32: 0 | H32: 0 | I32: =SUM(C32,F32,G32,H32) -> 0 | L32: 0 | N32: ='25년 12월 3주차 강습 주간보고'!N32+J32+K32+L32 -> 0
B33: 팀합계 | C33: =SUM(C28:C32) -> 0 | D33: =SUM(D28:D32) -> 0 | E33: =SUM(E28:E32) -> 0 | F33: =SUM(F28:F32) -> 0 | G33: =SUM(G28:G32) -> 0 | H33: =SUM(H28:H32) -> 0 | I33: =SUM(C33,F33,G33,H33) -> 0 | J33: =SUM(J28:J32) -> 0 | K33: =SUM(K28:K32) -> 0 | L33: =SUM(L28:L32) -> 0 | M33: =SUM(M28:M32) -> 0 | N33: =SUM(N28:N32) -> 0 | O33: =SUM(O28:O32) -> 0
B34: 총합계 | C34: =SUM(C26,C33,C19, C12) -> 0 | D34: =D19+D26+D33+D12 -> 0 | E34: =E19+E26+E33+E12 -> 0 | F34: =F19+F26+F33+F12 -> 0 | G34: =G19+G26+G33+G12 -> 0 | H34: =SUM(H26,H33,H19,H12) -> 0 | I34: =SUM(I26,I33,I19,I12) -> 0 | J34: =J19+J26+J33+J12 -> 0 | K34: =K19+K26+K33+K12 -> 0 | L34: =L19+L26+L33+L12 -> 0 | M34: =M19+M26+M33+M12 -> 0 | N34: =N19+N26+N33+N12 -> 0 | O34: =SUM(O26,O33,O19,O12) -> 0
E36: A팀 | G36: B팀 | I36: C팀 | K36: D팀 | O36: A팀 | P36: B팀 | Q36: C팀 | R36: D팀
B37: 지난주 목표매출 | L37: 월 팀별 목표매출
B38: 지난주 매출 | E38: 0 | G38: 0 | I38: 0 | K38: 0 | L38: 남은 매출 | O38: =SUM(O37-O39) -> 0 | P38: =SUM(P37-P39) -> 0 | Q38: =SUM(Q37-Q39) -> 0 | R38: =SUM(R37-R39) -> 0
B39: 이번주 목표매출 | L39: 이번달 누적 매출 | O39: =N12 -> 0 | P39: =N19 -> 0 | Q39: =SUM(N26) -> 0 | R39: =SUM(O26) -> 0
B40: 주간목표 매출 달성률 | E40: =E38/E37 -> #DIV/0! | G40: =G38/G37 -> #DIV/0! | I40: =I38/I37 -> #DIV/0! | K40: =K38/K37 -> #DIV/0! | L40: 월목표매출 달성률 | O40: =O39/O37 -> #DIV/0! | P40: =P39/P37 -> #DIV/0! | Q40: =Q39/Q37 -> #DIV/0! | R40: =R39/R37 -> #DIV/0!

Sheet 25년 12월 5주차 강습 주간보고
B2: 강습 주간 업무 보고 12월 28일(일) ~ 12월 31일(수) (5주차)
N3: 지점장 :
C4: 강습 | D4: 월별 총 OT | E4: O.T 배정 | F4: O.T 1 | G4: O.T 2 | H4: VIP | I4: 총 합 | J4: 주간신규 | K4: 주간재등록 | L4: 주간VIP | M4: 주간회원소개 | N4: 개인누적매출 | O4: 수업수
B6: A팀
C7: 0 | H7: 0 | I7: 0 | L7: 0 | N7: ='25년 12월 4주차 강습 주간보고'!N7+J7+K7+L7 -> 0 | S7: ※ 참고 ※
C8: 0 | H8: 0 | I8: 0 | L8: 0 | N8: ='25년 12월 4주차 강습 주간보고'!N8+J8+K8+L8 -> 0 | S8: * 월별 총 OT : 트레이너 당 총 OT 수 ( 배정 * 2 )
C9: 0 | H9: 0 | I9: 0 | L9: 0 | N9: ='25년 12월 4주차 강습 주간보고'!N9+J9+K9+L9 -> 0 | S9: * OT 배정 : 월 별 트레이너 당 배정 회원 수
C10: 0 | H10: 0 | I10: 0 | L10: 0 | N10: ='25년 12월 4주차 강습 주간보고'!N10+J10+K10+L10 -> 0 | S10: * OT1, OT2 : 트레이너 당 해당 주에 완료된 OT 수
C11: 0 | H11: 0 | I11: 0 | L11: 0 | N11: ='25년 12월 4주차 강습 주간보고'!N11+J11+K11+L11 -> 0
B12: 팀합계 | C12: =SUM(C7:C11) -> 0 | D12: =SUM(D7:D11) -> 0 | E12: =SUM(E7:E11) -> 0 | F12: =SUM(F7:F11) -> 0 | G12: =SUM(G7:G11) -> 0 | H12: =SUM(H7:H11) -> 0 | I12: =SUM(I7:I11) -> 0 | J12: =SUM(J7:J11) -> 0 | ... O12: =SUM(O7:O11) -> 0
B13: B팀
C14: 0 | H14: 0 | I14: 0 | L14: 0 | N14: ='25년 12월 4주차 강습 주간보고'!N14+J14+K14+L14 -> 0
C15: 0 | H15: 0 | I15: 0 | L15: 0 | N15: ='25년 12월 4주차 강습 주간보고'!N15+J15+K15+L15 -> 0
C16: 0 | H16: 0 | I16: 0 | L16: 0 | N16: ='25년 12월 4주차 강습 주간보고'!N16+J16+K16+L16 -> 0
C17: 0 | H17: 0 | I17: 0 | L17: 0 | N17: ='25년 12월 4주차 강습 주간보고'!N17+J17+K17+L17 -> 0
C18: 0 | H18: 0 | I18: 0 | L18: 0 | N18: ='25년 12월 4주차 강습 주간보고'!N18+J18+K18+L18 -> 0
B19: 팀합계 | C19: =SUM(C14:C18) -> 0 | D19: =SUM(D14:D18) -> 0 | E19: =SUM(E14:E18) -> 0 | F19: =SUM(F14:F18) -> 0 | G19: =SUM(G14:G18) -> 0 | H19: =SUM(H14:H18) -> 0 | I19: =SUM(I14:I18) -> 0 | J19: =SUM(J14:J18) -> 0 | ... O19: =SUM(O14:O18) -> 0
B20: C팀
C21: 0 | H21: 0 | I21: =SUM(C21,F21,G21,H21) -> 0 | L21: 0 | N21: ='25년 12월 4주차 강습 주간보고'!N21+J21+K21+L21 -> 0
C22: 0 | H22: 0 | I22: =SUM(C22,F22,G22,H22) -> 0 | L22: 0 | N22: ='25년 12월 4주차 강습 주간보고'!N22+J22+K22+L22 -> 0
C23: 0 | H23: 0 | I23: =SUM(C23,F23,G23,H23) -> 0 | L23: 0 | N23: ='25년 12월 4주차 강습 주간보고'!N23+J23+K23+L23 -> 0
C24: 0 | H24: 0 | I24: =SUM(C24,F24,G24,H24) -> 0 | L24: 0 | N24: ='25년 12월 4주차 강습 주간보고'!N24+J24+K24+L24 -> 0
C25: 0 | H25: 0 | I25: =SUM(C25,F25,G25,H25) -> 0 | L25: 0 | N25: ='25년 12월 4주차 강습 주간보고'!N25+J25+K25+L25 -> 0
B26: 팀합계 | C26: =SUM(C21:C25) -> 0 | D26: =SUM(D21:D25) -> 0 | E26: =SUM(E21:E25) -> 0 | F26: =SUM(F21:F25) -> 0 | G26: =SUM(G21:G25) -> 0 | H26: =SUM(H21:H25) -> 0 | I26: =SUM(C26,F26,G26,H26) -> 0 | J26: =SUM(J21:J25) -> 0 | K26: =SUM(K21:K25) -> 0 | L26: =SUM(L21:L25) -> 0 | M26: =SUM(M21:M25) -> 0 | N26: =SUM(N21:N25) -> 0 | O26: =SUM(O21:O25) -> 0
B27: D팀
C28: 0 | H28: 0 | I28: =SUM(C28,F28,G28,H28) -> 0 | L28: 0 | N28: ='25년 12월 4주차 강습 주간보고'!N28+J28+K28+L28 -> 0
C29: 0 | H29: 0 | I29: =SUM(C29,F29,G29,H29) -> 0 | L29: 0 | N29: ='25년 12월 4주차 강습 주간보고'!N29+J29+K29+L29 -> 0
C30: 0 | H30: 0 | I30: =SUM(C30,F30,G30,H30) -> 0 | L30: 0 | N30: ='25년 12월 4주차 강습 주간보고'!N30+J30+K30+L30 -> 0
C31: 0 | H31: 0 | I31: =SUM(C31,F31,G31,H31) -> 0 | L31: 0 | N31: ='25년 12월 4주차 강습 주간보고'!N31+J31+K31+L31 -> 0
C32: 0 | H32: 0 | I32: =SUM(C32,F32,G32,H32) -> 0 | L32: 0 | N32: ='25년 12월 4주차 강습 주간보고'!N32+J32+K32+L32 -> 0
B33: 팀합계 | C33: =SUM(C28:C32) -> 0 | D33: =SUM(D28:D32) -> 0 | E33: =SUM(E28:E32) -> 0 | F33: =SUM(F28:F32) -> 0 | G33: =SUM(G28:G32) -> 0 | H33: =SUM(H28:H32) -> 0 | I33: =SUM(C33,F33,G33,H33) -> 0 | J33: =SUM(J28:J32) -> 0 | K33: =SUM(K28:K32) -> 0 | L33: =SUM(L28:L32) -> 0 | M33: =SUM(M28:M32) -> 0 | N33: =SUM(N28:N32) -> 0 | O33: =SUM(O28:O32) -> 0
B34: 총합계 | C34: =SUM(C26,C33,C19, C12) -> 0 | D34: =D19+D26+D33+D12 -> 0 | E34: =E19+E26+E33+E12 -> 0 | F34: =F19+F26+F33+F12 -> 0 | G34: =G19+G26+G33+G12 -> 0 | H34: =SUM(H26,H33,H19,H12) -> 0 | I34: =SUM(I26,I33,I19,I12) -> 0 | J34: =J19+J26+J33+J12 -> 0 | K34: =K19+K26+K33+K12 -> 0 | L34: =L19+L26+L33+L12 -> 0 | M34: =M19+M26+M33+M12 -> 0 | N34: =N19+N26+N33+N12 -> 0 | O34: =SUM(O26,O33,O19,O12) -> 0
E36: A팀 | G36: B팀 | I36: C팀 | K36: D팀 | O36: A팀 | P36: B팀 | Q36: C팀 | R36: D팀
B37: 지난주 목표매출 | L37: 월 팀별 목표매출
B38: 지난주 매출 | E38: 0 | G38: 0 | I38: 0 | K38: 0 | L38: 남은 매출 | O38: =SUM(O37-O39) -> 0 | P38: =SUM(P37-P39) -> 0 | Q38: =SUM(Q37-Q39) -> 0 | R38: =SUM(R37-R39) -> 0
B39: 이번주 목표매출 | L39: 이번달 누적 매출 | O39: =N12 -> 0 | P39: =N19 -> 0 | Q39: =SUM(N26) -> 0 | R39: =SUM(O26) -> 0
B40: 주간목표 매출 달성률 | E40: =E38/E37 -> #DIV/0! | G40: =G38/G37 -> #DIV/0! | I40: =I38/I37 -> #DIV/0! | K40: =K38/K37 -> #DIV/0! | L40: 월목표매출 달성률 | O40: =O39/O37 -> #DIV/0! | P40: =P39/P37 -> #DIV/0! | Q40: =Q39/Q37 -> #DIV/0! | R40: =R39/R37 -> #DIV/0!

Sheet 25년 12월 6주차 강습 주간보고
B2: 강습 주간 업무 보고 12월 28일(일) ~ 12월 31일(수) (5주차)
N3: 지점장 :
C4: 강습 | D4: 월별 총 OT | E4: O.T 배정 | F4: O.T 1 | G4: O.T 2 | H4: VIP | I4: 총 합 | J4: 주간신규 | K4: 주간재등록 | L4: 주간VIP | M4: 주간회원소개 | N4: 개인누적매출 | O4: 수업수
B6: A팀
C7: 0 | H7: 0 | I7: 0 | L7: 0 | N7: ='25년 12월 5주차 강습 주간보고'!N7+J7+K7+L7 -> 0 | S7: ※ 참고 ※
C8: 0 | H8: 0 | I8: 0 | L8: 0 | N8: ='25년 12월 5주차 강습 주간보고'!N8+J8+K8+L8 -> 0 | S8: * 월별 총 OT : 트레이너 당 총 OT 수 ( 배정 * 2 )
C9: 0 | H9: 0 | I9: 0 | L9: 0 | N9: ='25년 12월 5주차 강습 주간보고'!N9+J9+K9+L9 -> 0 | S9: * OT 배정 : 월 별 트레이너 당 배정 회원 수
C10: 0 | H10: 0 | I10: 0 | L10: 0 | N10: ='25년 12월 5주차 강습 주간보고'!N10+J10+K10+L10 -> 0 | S10: * OT1, OT2 : 트레이너 당 해당 주에 완료된 OT 수
C11: 0 | H11: 0 | I11: 0 | L11: 0 | N11: ='25년 12월 5주차 강습 주간보고'!N11+J11+K11+L11 -> 0
B12: 팀합계 | C12: =SUM(C7:C11) -> 0 | D12: =SUM(D7:D11) -> 0 | E12: =SUM(E7:E11) -> 0 | F12: =SUM(F7:F11) -> 0 | G12: =SUM(G7:G11) -> 0 | H12: =SUM(H7:H11) -> 0 | I12: =SUM(I7:I11) -> 0 | J12: =SUM(J7:J11) -> 0 | ... O12: =SUM(O7:O11) -> 0
B13: B팀
C14: 0 | H14: 0 | I14: 0 | L14: 0 | N14: ='25년 12월 5주차 강습 주간보고'!N14+J14+K14+L14 -> 0
C15: 0 | H15: 0 | I15: 0 | L15: 0 | N15: ='25년 12월 5주차 강습 주간보고'!N15+J15+K15+L15 -> 0
C16: 0 | H16: 0 | I16: 0 | L16: 0 | N16: ='25년 12월 5주차 강습 주간보고'!N16+J16+K16+L16 -> 0
C17: 0 | H17: 0 | I17: 0 | L17: 0 | N17: ='25년 12월 5주차 강습 주간보고'!N17+J17+K17+L17 -> 0
C18: 0 | H18: 0 | I18: 0 | L18: 0 | N18: ='25년 12월 5주차 강습 주간보고'!N18+J18+K18+L18 -> 0
B19: 팀합계 | C19: =SUM(C14:C18) -> 0 | D19: =SUM(D14:D18) -> 0 | E19: =SUM(E14:E18) -> 0 | F19: =SUM(F14:F18) -> 0 | G19: =SUM(G14:G18) -> 0 | H19: =SUM(H14:H18) -> 0 | I19: =SUM(I14:I18) -> 0 | J19: =SUM(J14:J18) -> 0 | ... O19: =SUM(O14:O18) -> 0
B20: C팀
C21: 0 | H21: 0 | I21: =SUM(C21,F21,G21,H21) -> 0 | L21: 0 | N21: ='25년 12월 5주차 강습 주간보고'!N21+J21+K21+L21 -> 0
C22: 0 | H22: 0 | I22: =SUM(C22,F22,G22,H22) -> 0 | L22: 0 | N22: ='25년 12월 5주차 강습 주간보고'!N22+J22+K22+L22 -> 0
C23: 0 | H23: 0 | I23: =SUM(C23,F23,G23,H23) -> 0 | L23: 0 | N23: ='25년 12월 5주차 강습 주간보고'!N23+J23+K23+L23 -> 0
C24: 0 | H24: 0 | I24: =SUM(C24,F24,G24,H24) -> 0 | L24: 0 | N24: ='25년 12월 5주차 강습 주간보고'!N24+J24+K24+L24 -> 0
C25: 0 | H25: 0 | I25: =SUM(C25,F25,G25,H25) -> 0 | L25: 0 | N25: ='25년 12월 5주차 강습 주간보고'!N25+J25+K25+L25 -> 0
B26: 팀합계 | C26: =SUM(C21:C25) -> 0 | D26: =SUM(D21:D25) -> 0 | E26: =SUM(E21:E25) -> 0 | F26: =SUM(F21:F25) -> 0 | G26: =SUM(G21:G25) -> 0 | H26: =SUM(H21:H25) -> 0 | I26: =SUM(C26,F26,G26,H26) -> 0 | J26: =SUM(J21:J25) -> 0 | K26: =SUM(K21:K25) -> 0 | L26: =SUM(L21:L25) -> 0 | M26: =SUM(M21:M25) -> 0 | N26: =SUM(N21:N25) -> 0 | O26: =SUM(O21:O25) -> 0
B27: D팀
C28: 0 | H28: 0 | I28: =SUM(C28,F28,G28,H28) -> 0 | L28: 0 | N28: ='25년 12월 5주차 강습 주간보고'!N28+J28+K28+L28 -> 0
C29: 0 | H29: 0 | I29: =SUM(C29,F29,G29,H29) -> 0 | L29: 0 | N29: ='25년 12월 5주차 강습 주간보고'!N29+J29+K29+L29 -> 0
C30: 0 | H30: 0 | I30: =SUM(C30,F30,G30,H30) -> 0 | L30: 0 | N30: ='25년 12월 5주차 강습 주간보고'!N30+J30+K30+L30 -> 0
C31: 0 | H31: 0 | I31: =SUM(C31,F31,G31,H31) -> 0 | L31: 0 | N31: ='25년 12월 5주차 강습 주간보고'!N31+J31+K31+L31 -> 0
C32: 0 | H32: 0 | I32: =SUM(C32,F32,G32,H32) -> 0 | L32: 0 | N32: ='25년 12월 5주차 강습 주간보고'!N32+J32+K32+L32 -> 0
B33: 팀합계 | C33: =SUM(C28:C32) -> 0 | D33: =SUM(D28:D32) -> 0 | E33: =SUM(E28:E32) -> 0 | F33: =SUM(F28:F32) -> 0 | G33: =SUM(G28:G32) -> 0 | H33: =SUM(H28:H32) -> 0 | I33: =SUM(C33,F33,G33,H33) -> 0 | J33: =SUM(J28:J32) -> 0 | K33: =SUM(K28:K32) -> 0 | L33: =SUM(L28:L32) -> 0 | M33: =SUM(M28:M32) -> 0 | N33: =SUM(N28:N32) -> 0 | O33: =SUM(O28:O32) -> 0
B34: 총합계 | C34: =SUM(C26,C33,C19, C12) -> 0 | D34: =D19+D26+D33+D12 -> 0 | E34: =E19+E26+E33+E12 -> 0 | F34: =F19+F26+F33+F12 -> 0 | G34: =G19+G26+G33+G12 -> 0 | H34: =SUM(H26,H33,H19,H12) -> 0 | I34: =SUM(I26,I33,I19,I12) -> 0 | J34: =J19+J26+J33+J12 -> 0 | K34: =K19+K26+K33+K12 -> 0 | L34: =L19+L26+L33+L12 -> 0 | M34: =M19+M26+M33+M12 -> 0 | N34: =N19+N26+N33+N12 -> 0 | O34: =SUM(O26,O33,O19,O12) -> 0
E36: A팀 | G36: B팀 | I36: C팀 | K36: D팀 | O36: A팀 | P36: B팀 | Q36: C팀 | R36: D팀
B37: 지난주 목표매출 | L37: 월 팀별 목표매출
B38: 지난주 매출 | E38: 0 | G38: 0 | I38: 0 | K38: 0 | L38: 남은 매출 | O38: =SUM(O37-O39) -> 0 | P38: =SUM(P37-P39) -> 0 | Q38: =SUM(Q37-Q39) -> 0 | R38: =SUM(R37-R39) -> 0
B39: 이번주 목표매출 | L39: 이번달 누적 매출 | O39: =N12 -> 0 | P39: =N19 -> 0 | Q39: =SUM(N26) -> 0 | R39: =SUM(O26) -> 0
B40: 주간목표 매출 달성률 | E40: =E38/E37 -> #DIV/0! | G40: =G38/G37 -> #DIV/0! | I40: =I38/I37 -> #DIV/0! | K40: =K38/K37 -> #DIV/0! | L40: 월목표매출 달성률 | O40: =O39/O37 -> #DIV/0! | P40: =P39/P37 -> #DIV/0! | Q40: =Q39/Q37 -> #DIV/0! | R40: =R39/R37 -> #DIV/0!

Sheet 25년 12월 강습 월간보고
C2: 스포짐 월간 강습 업무 보고 | P2: 월 평균 주력 상품 | Q2: 주력 등록 횟수 | R2: 객단가
P3: =G8/I10 -> #DIV/0! | Q3: =P3/R3 -> #DIV/0! | R3: =G8/D13 -> #DIV/0!
C4: 지점 | D4: OO점 | I4: 날짜 | J4: 46023 | M4: 작성자 | P4: ※ 작성 시 확인 사항 ※
P5: * 당월 오티 진행 : 신규
C6: 2025년 12월 매출 월간 업무 보고 | P6: * 이월 오티 진행 : VIP
C7: 부서 | D7: 목표 매출 | G7: 진행 매출 | J7: 진행률 | K7: 진행 보고 | P7: * 신규 OT배정 = - (이월+거절 ) 차감 시킴
C8: 강습 | D8: 0 | G8: 0 | J8: =G8/D8 -> #DIV/0!
C9: 등록 분포 | D9: 신규 | G9: 재등록 | H9: 환불 | I9: 전체
C10: 등록인원 | D10: 0 | G10: 0 | H10: 0 | I10: =SUM(D10:H10) -> 0
C11: 등록 매출 | D11: 0 | G11: 0 | H11: 0 | I11: =SUM(D11:H11) -> 0
D12: 전체 등록 세션 (세션으로 기입)
C13: 전체 등록 회원 (명) | D13: =sum(D14:F18) -> 0
C14: 신규 OT 등록회원 | D14: 0
C15: 이월 OT 등록 회원 | D15: 0 | G15: ※ 등록 기입 ※ 신규 , 재등록으로만 분류 * 신규 : 신규 / WI , 소개 , VIP * 재등록 | Q15: ※ 참고 ※
C16: 플로팅 등록 회원 | D16: 0 | Q16: * OT 진행 : 신규OT배정 - (진행중 + 미진행)
C17: 소개 | D17: 0 | Q17: * 등록률 : 등록 / OT 진행
C18: 재등록 회원 | D18: 0 | Q18: * 거부율 : 거절 / OT 진행
B19: 1 | C19: 신규OT | D19: OT 진행 | F19: 이월 | G19: 거절(거부+보류) | H19: 등록 | I19: 진행률 | K19: 등록률 | M19: 거부율
C20: 0 | D20: 0 | F20: 0 | G20: 0 | H20: 0 | I20: =D20/C20 -> #DIV/0! | K20: =H20/D20 -> #DIV/0! | M20: =G20/D20 -> #DIV/0!
B21: 2 | C21: 전 월 | D21: 전 월 진행 | F21: 진행률 | G21: 전 월 미 진행 | J21: 누적 이월
C22: 0 | D22: 0 | F22: =D22/C22 -> #DIV/0! | G22: =C22-D22 -> 0 | J22: 0
B23: 3 | C23: 누적 회원 | D23: 누적 진행 | F23: 진행률 | G23: 누적 이월
C24: 0 | D24: 0 | F24: =D24/C24 -> #DIV/0! | G24: =C24-D24 -> 0
C25: 2026년 O월 매출 계획
C26: 부서 | D26: 목표 매출 | F26: 목표 산출 내용
C27: 강습 | D27: 0
C29: 월 업무 계획 및 프로모션
C30: 강습
C36: 비고
C40: 건의사항 및 특이사항
C41: 강습
C47: 이지훈 대표 (질문사항)
